Player,A_GP,recomputed_pg,espn_pg,delta,status
Daniel Gafford,55.0,28.1355,28.2,-0.0645,ok
Ryan Kalkbrenner,69.0,24.6404,24.7,-0.0596,ok
Cedric Coward,62.0,28.1187,28.06,0.0587,ok
Sam Merrill,52.0,24.2377,24.29,-0.0523,ok
Brandon Ingram,77.0,36.4579,36.51,-0.0521,ok
Noah Penda,59.0,12.1017,12.05,0.0517,ok
Steven Adams,32.0,24.3613,24.31,0.0513,ok
Grayson Allen,51.0,31.15,31.2,-0.05,ok
Isaiah Crawford,14.0,4.74,4.79,-0.05,ok
Jared McCain,67.0,14.35,14.4,-0.05,ok
Quentin Grimes,75.0,25.75,25.8,-0.05,ok
Ziaire Williams,56.0,20.18,20.13,0.05,ok
Donovan Mitchell,70.0,47.8743,47.83,0.0443,ok
Kyle Kuzma,69.0,25.0439,25.0,0.0439,ok
Paolo Banchero,72.0,40.4233,40.38,0.0433,ok
Tyler Kolek,62.0,11.7968,11.84,-0.0432,ok
Yves Missi,66.0,22.4573,22.5,-0.0427,ok
Jericho Sims,67.0,17.1982,17.24,-0.0418,ok
Peyton Watson,54.0,29.8011,29.76,0.0411,ok
Kon Knueppel,81.0,34.1093,34.15,-0.0407,ok
Anthony Gill,55.0,15.8,15.84,-0.04,ok
Brooks Barnhizer,40.0,6.04,6.0,0.04,ok
Cam Whitmore,21.0,16.58,16.62,-0.04,ok
Corey Kispert,58.0,16.01,15.97,0.04,ok
Dalton Knecht,54.0,7.66,7.7,-0.04,ok
Doug McDermott,29.0,9.76,9.72,0.04,ok
JD Davison,28.0,6.96,7.0,-0.04,ok
Johnny Juzang,21.0,3.66,3.62,0.04,ok
Jordan Poole,39.0,21.09,21.13,-0.04,ok
Kasparas Jakucionis,53.0,16.32,16.36,-0.04,ok
Keaton Wallace,53.0,9.21,9.25,-0.04,ok
Kobe Bufkin,16.0,4.67,4.63,0.04,ok
Mark Williams,60.0,31.99,31.95,0.04,ok
Monte Morris,6.0,7.04,7.0,0.04,ok
Pacome Dadiet,29.0,3.48,3.52,-0.04,ok
Tim Hardaway Jr.,80.0,21.84,21.8,0.04,ok
Tristan Enaruna,9.0,9.71,9.67,0.04,ok
Tristan da Silva,77.0,21.17,21.21,-0.04,ok
Ty Jerome,15.0,37.91,37.87,0.04,ok
Stephen Curry,43.0,43.5693,43.53,0.0393,ok
Guerschon Yabusele,67.0,13.1091,13.07,0.0391,ok
Joe Ingles,27.0,5.8511,5.89,-0.0389,ok
Tristan Vukcevic,49.0,17.2312,17.27,-0.0388,ok
Trey Murphy III,66.0,41.6018,41.64,-0.0382,ok
PJ Hall,19.0,12.4079,12.37,0.0379,ok
Darius Garland,45.0,35.3267,35.29,0.0367,ok
Baylor Scheierman,77.0,15.0958,15.06,0.0358,ok
GG Jackson,55.0,23.3445,23.38,-0.0355,ok
Pat Spencer,66.0,17.8655,17.83,0.0355,ok
Khaman Maluach,46.0,9.6252,9.59,0.0352,ok
Domantas Sabonis,19.0,40.1447,40.11,0.0347,ok
E.J. Liddell,26.0,12.4654,12.5,-0.0346,ok
Dominick Barlow,71.0,22.0745,22.04,0.0345,ok
Jalen Suggs,57.0,34.7058,34.74,-0.0342,ok
Zach Edey,11.0,39.4836,39.45,0.0336,ok
Walter Clayton Jr.,69.0,17.9935,17.96,0.0335,ok
Javonte Green,82.0,17.3366,17.37,-0.0334,ok
Jahmai Mashack,31.0,16.5471,16.58,-0.0329,ok
Ajay Mitchell,57.0,28.7126,28.68,0.0326,ok
Moussa Diabate,73.0,30.5419,30.51,0.0319,ok
Kam Jones,37.0,12.5411,12.51,0.0311,ok
Dean Wade,59.0,18.3908,18.36,0.0308,ok
Jonas Valanciunas,65.0,19.5808,19.55,0.0308,ok
Kawhi Leonard,65.0,50.0108,49.98,0.0308,ok
Zion Williamson,62.0,37.9303,37.9,0.0303,ok
Aaron Wiggins,65.0,19.39,19.42,-0.03,ok
Amari Williams,22.0,5.65,5.68,-0.03,ok
Cam Christie,55.0,5.68,5.71,-0.03,ok
Dalano Banton,6.0,8.14,8.17,-0.03,ok
Dillon Brooks,56.0,28.83,28.8,0.03,ok
Eric Gordon,6.0,11.03,11.0,0.03,ok
Franz Wagner,34.0,35.12,35.15,-0.03,ok
Harrison Barnes,77.0,19.95,19.92,0.03,ok
Isaiah Joe,71.0,20.53,20.56,-0.03,ok
Ja'Kobe Walter,72.0,17.68,17.71,-0.03,ok
Jahmyl Telfort,8.0,0.16,0.13,0.03,ok
Jalen Wilson,54.0,10.46,10.43,0.03,ok
Jamison Battle,61.0,6.27,6.3,-0.03,ok
Johni Broome,11.0,3.15,3.18,-0.03,ok
Jonathan Isaac,52.0,9.35,9.38,-0.03,ok
Jonathan Mogbo,40.0,6.25,6.22,0.03,ok
Julian Phillips,48.0,6.82,6.79,0.03,ok
Killian Hayes,23.0,15.27,15.3,-0.03,ok
Kris Dunn,82.0,23.33,23.3,0.03,ok
Luke Travers,12.0,8.3,8.33,-0.03,ok
Max Christie,77.0,22.0,22.03,-0.03,ok
Maxi Kleber,43.0,7.68,7.65,0.03,ok
Mohamed Diawara,69.0,7.31,7.28,0.03,ok
Moritz Wagner,36.0,12.61,12.58,0.03,ok
Omer Yurtseven,9.0,8.53,8.56,-0.03,ok
RayJ Dennis,17.0,9.09,9.06,0.03,ok
Sion James,82.0,14.97,15.0,-0.03,ok
Tre Mann,53.0,10.31,10.34,-0.03,ok
Trevor Keels,8.0,1.28,1.25,0.03,ok
Tyrese Maxey,70.0,52.83,52.8,0.03,ok
Tyus Jones,67.0,10.22,10.25,-0.03,ok
Yanic Konan Niederhauser,41.0,11.24,11.27,-0.03,ok
Yuki Kawamura,18.0,10.8,10.83,-0.03,ok
Zach LaVine,39.0,28.36,28.33,0.03,ok
Jusuf Nurkic,41.0,36.7598,36.73,0.0298,ok
Quenton Jackson,49.0,18.3012,18.33,-0.0288,ok
Brandon Miller,65.0,35.4285,35.4,0.0285,ok
Bam Adebayo,73.0,42.7384,42.71,0.0284,ok
Ace Bailey,72.0,26.3517,26.38,-0.0283,ok
Miles Bridges,77.0,32.1817,32.21,-0.0283,ok
Andrew Wiggins,68.0,33.7782,33.75,0.0282,ok
Egor Demin,52.0,22.2777,22.25,0.0277,ok
Kyshawn George,48.0,32.3375,32.31,0.0275,ok
Brandin Podziemski,82.0,29.5229,29.55,-0.0271,ok
Immanuel Quickley,70.0,36.3429,36.37,-0.0271,ok
Tobias Harris,63.0,28.0229,28.05,-0.0271,ok
Nickeil Alexander-Walker,78.0,37.1569,37.13,0.0269,ok
Nikola Jokic,65.0,74.9669,74.94,0.0269,ok
Ronald Holland II,78.0,18.8069,18.78,0.0269,ok
Royce O'Neale,78.0,25.3869,25.36,0.0269,ok
Precious Achiuwa,73.0,26.9632,26.99,-0.0268,ok
Jalen Brunson,74.0,43.1065,43.08,0.0265,ok
Kenrich Williams,56.0,15.0236,15.05,-0.0264,ok
Anthony Black,64.0,30.6437,30.67,-0.0263,ok
Oso Ighodaro,82.0,22.4063,22.38,0.0263,ok
Ayo Dosunmu,69.0,29.8039,29.83,-0.0261,ok
Rui Hachimura,68.0,20.9841,21.01,-0.0259,ok
Robert Williams III,59.0,26.5342,26.56,-0.0258,ok
Branden Carlson,42.0,14.2643,14.29,-0.0257,ok
Jabari Smith Jr.,77.0,32.6055,32.58,0.0255,ok
D'Angelo Russell,26.0,18.2554,18.23,0.0254,ok
Devin Vassell,67.0,27.3148,27.34,-0.0252,ok
Joan Beringer,40.0,11.255,11.28,-0.025,ok
Vince Williams Jr.,40.0,20.705,20.73,-0.025,ok
Collin Sexton,68.0,26.6441,26.62,0.0241,ok
Julian Reese,13.0,33.8738,33.85,0.0238,ok
Pete Nance,47.0,13.0838,13.06,0.0238,ok
Ousmane Dieng,57.0,16.3932,16.37,0.0232,ok
Cooper Flagg,70.0,41.4471,41.47,-0.0229,ok
Pelle Larsson,70.0,23.6829,23.66,0.0229,ok
Josh Hart,66.0,34.0027,33.98,0.0227,ok
Joel Embiid,38.0,46.3974,46.42,-0.0226,ok
Gary Payton II,73.0,20.3622,20.34,0.0222,ok
Moussa Cisse,38.0,17.5879,17.61,-0.0221,ok
Anthony Edwards,61.0,46.2384,46.26,-0.0216,ok
Karlo Matkovic,62.0,17.3984,17.42,-0.0216,ok
Charles Bassey,13.0,17.9415,17.92,0.0215,ok
Neemias Queta,76.0,33.4011,33.38,0.0211,ok
Kevin Durant,78.0,44.6092,44.63,-0.0208,ok
Taurean Prince,26.0,18.8708,18.85,0.0208,ok
Andre Drummond,63.0,24.6495,24.67,-0.0205,ok
A.J. Lawson,24.0,9.35,9.33,0.02,ok
Aaron Holiday,57.0,10.05,10.07,-0.02,ok
Al Horford,45.0,25.11,25.09,0.02,ok
Alex Sarr,48.0,39.4,39.42,-0.02,ok
Amir Coffey,46.0,7.09,7.07,0.02,ok
Ariel Hukporti,54.0,8.72,8.7,0.02,ok
Ben Sheppard,65.0,16.04,16.06,-0.02,ok
Bronny James,42.0,6.98,7.0,-0.02,ok
Buddy Hield,51.0,15.61,15.63,-0.02,ok
Caleb Houstan,18.0,4.63,4.61,0.02,ok
Caleb Martin,58.0,11.69,11.67,0.02,ok
Caris LeVert,60.0,17.86,17.88,-0.02,ok
Carter Bryant,71.0,9.72,9.7,0.02,ok
Chris Boucher,9.0,9.46,9.44,0.02,ok
Chris Livingston,3.0,6.31,6.33,-0.02,ok
Chris Paul,16.0,11.77,11.75,0.02,ok
Chris Youngblood,34.0,4.49,4.47,0.02,ok
Clint Capela,75.0,15.73,15.75,-0.02,ok
Dalen Terry,48.0,11.13,11.15,-0.02,ok
David Jones Garcia,11.0,9.47,9.45,0.02,ok
DeAndre Jordan,12.0,18.23,18.25,-0.02,ok
DeJon Jarreau,11.0,20.47,20.45,0.02,ok
Gary Harris,48.0,8.9,8.92,-0.02,ok
Gary Trent Jr.,65.0,12.82,12.8,0.02,ok
Hunter Tyson,21.0,4.92,4.9,0.02,ok
Isaiah Livers,36.0,6.54,6.56,-0.02,ok
Jaden McDaniels,73.0,31.81,31.79,0.02,ok
Jae'Sean Tate,46.0,6.85,6.83,0.02,ok
Jalen Slawson,13.0,25.71,25.69,0.02,ok
Jamal Cain,40.0,10.47,10.45,0.02,ok
Jase Richardson,54.0,8.87,8.85,0.02,ok
Javonte Cooke,19.0,2.44,2.42,0.02,ok
Jaylen Clark,68.0,10.17,10.19,-0.02,ok
Jaylen Wells,69.0,21.66,21.68,-0.02,ok
Jayson Tatum,16.0,45.4,45.38,0.02,ok
Jeff Green,30.0,3.92,3.9,0.02,ok
Jevon Carter,53.0,14.26,14.28,-0.02,ok
Jordan Hawkins,51.0,8.76,8.78,-0.02,ok
Jordan Miller,60.0,20.43,20.45,-0.02,ok
Josh Green,58.0,10.74,10.76,-0.02,ok
Julian Strawther,57.0,12.95,12.93,0.02,ok
Justin Edwards,64.0,13.75,13.77,-0.02,ok
Kevon Looney,21.0,16.21,16.19,0.02,ok
Koby Brea,12.0,6.4,6.42,-0.02,ok
Kyle Lowry,14.0,2.98,3.0,-0.02,ok
LeBron James,60.0,44.76,44.78,-0.02,ok
Leaky Black,15.0,20.75,20.73,0.02,ok
Luguentz Dort,69.0,18.7,18.68,0.02,ok
Mac McClung,11.0,11.53,11.55,-0.02,ok
Malaki Branham,28.0,9.13,9.11,0.02,ok
Malik Monk,62.0,22.1,22.08,0.02,ok
Marcus Sasser,38.0,11.31,11.29,0.02,ok
Marcus Smart,62.0,22.38,22.4,-0.02,ok
Mark Sears,7.0,3.16,3.14,0.02,ok
Marvin Bagley III,60.0,26.1,26.08,0.02,ok
Moses Moody,60.0,24.8,24.78,0.02,ok
Nae'Qwan Tomlin,64.0,15.5,15.52,-0.02,ok
Nique Clifford,75.0,19.19,19.17,0.02,ok
Pat Connaughton,42.0,6.0,6.02,-0.02,ok
Quinten Post,67.0,17.91,17.93,-0.02,ok
Rob Dillingham,65.0,12.27,12.29,-0.02,ok
Tari Eason,60.0,25.72,25.7,0.02,ok
Terrence Shannon Jr.,43.0,9.0,9.02,-0.02,ok
Thomas Bryant,60.0,14.31,14.33,-0.02,ok
Trey Jemison III,13.0,3.29,3.31,-0.02,ok
Tyrese Martin,46.0,13.57,13.59,-0.02,ok
Tyson Etienne,24.0,13.4,13.38,0.02,ok
Vladislav Goldin,9.0,3.65,3.67,-0.02,ok
Wendell Moore Jr.,6.0,6.65,6.67,-0.02,ok
Amen Thompson,79.0,44.1795,44.16,0.0195,ok
Collin Murray-Boyles,57.0,25.6305,25.65,-0.0195,ok
Jalen Williams,33.0,35.1909,35.21,-0.0191,ok
Will Riley,74.0,18.3611,18.38,-0.0189,ok
Draymond Green,68.0,26.5282,26.51,0.0182,ok
Jordan Walsh,68.0,16.5582,16.54,0.0182,ok
Adem Bona,71.0,16.7823,16.8,-0.0177,ok
Jaren Jackson Jr.,48.0,35.9575,35.94,0.0175,ok
Rudy Gobert,76.0,38.2326,38.25,-0.0174,ok
Dwight Powell,63.0,13.3629,13.38,-0.0171,ok
Keldon Johnson,82.0,25.2629,25.28,-0.0171,ok
Shai Gilgeous-Alexander,68.0,56.3829,56.4,-0.0171,ok
Luka Garza,69.0,19.477,19.46,0.017,ok
Jaylin Williams,65.0,21.1869,21.17,0.0169,ok
Jimmy Butler III,38.0,41.6268,41.61,0.0168,ok
Giannis Antetokounmpo,36.0,53.6533,53.67,-0.0167,ok
Trayce Jackson-Davis,53.0,10.8466,10.83,0.0166,ok
Jakob Poeltl,46.0,30.3665,30.35,0.0165,ok
Kyle Filipowski,77.0,28.8265,28.81,0.0165,ok
Cameron Payne,22.0,19.2464,19.23,0.0164,ok
Nolan Traore,56.0,17.5036,17.52,-0.0164,ok
Jarred Vanderbilt,65.0,15.5062,15.49,0.0162,ok
Luka Doncic,64.0,62.1138,62.13,-0.0162,ok
Pascal Siakam,62.0,40.9339,40.95,-0.0161,ok
Matas Buzelis,77.0,32.7158,32.7,0.0158,ok
Leonard Miller,46.0,17.1257,17.11,0.0157,ok
Dylan Cardwell,44.0,26.5745,26.59,-0.0155,ok
Noah Clowney,66.0,22.4855,22.47,0.0155,ok
Luke Kennard,78.0,19.1854,19.17,0.0154,ok
Zeke Nnaji,52.0,10.1654,10.15,0.0154,ok
Stephon Castle,68.0,37.6953,37.68,0.0153,ok
Jaylen Brown,71.0,45.5651,45.58,-0.0149,ok
Khris Middleton,63.0,19.4752,19.49,-0.0148,ok
Kevin Porter Jr.,38.0,44.0353,44.05,-0.0147,ok
Elijah Harkless,26.0,17.0254,17.04,-0.0146,ok
Cameron Johnson,54.0,25.8956,25.91,-0.0144,ok
Davion Mitchell,70.0,27.8743,27.86,0.0143,ok
Johnny Furphy,35.0,14.1557,14.17,-0.0143,ok
Jordan Goodwin,70.0,24.8157,24.83,-0.0143,ok
Ryan Dunn,70.0,17.9157,17.93,-0.0143,ok
Justin Champagnie,69.0,24.0239,24.01,0.0139,ok
Kristaps Porzingis,32.0,32.3237,32.31,0.0137,ok
Asa Newell,44.0,12.0764,12.09,-0.0136,ok
Deni Avdija,66.0,43.4864,43.5,-0.0136,ok
T.J. McConnell,56.0,25.5536,25.54,0.0136,ok
Jose Alvarado,69.0,19.3635,19.35,0.0135,ok
Bruce Brown,82.0,20.0066,20.02,-0.0134,ok
Olivier-Maxence Prosper,53.0,20.0766,20.09,-0.0134,ok
Derik Queen,81.0,30.6667,30.68,-0.0133,ok
Jonathan Kuminga,36.0,23.1233,23.11,0.0133,ok
Myron Gardner,45.0,11.2567,11.27,-0.0133,ok
Oscar Tshiebwe,27.0,22.2033,22.19,0.0133,ok
Ryan Rollins,74.0,37.5132,37.5,0.0132,ok
Spencer Jones,64.0,16.2669,16.28,-0.0131,ok
Jalen Duren,70.0,44.2971,44.31,-0.0129,ok
Kennedy Chandler,11.0,31.8327,31.82,0.0127,ok
Russell Westbrook,64.0,35.1025,35.09,0.0125,ok
Nic Claxton,69.0,33.3622,33.35,0.0122,ok
Saddiq Bey,72.0,32.6517,32.64,0.0117,ok
Jarace Walker,76.0,23.1884,23.2,-0.0116,ok
Josh Minott,49.0,18.4212,18.41,0.0112,ok
Hugo Gonzalez,74.0,11.8511,11.84,0.0111,ok
Naji Marshall,74.0,29.0611,29.05,0.0111,ok
Cason Wallace,77.0,25.159,25.17,-0.011,ok
Derrick White,77.0,38.349,38.36,-0.011,ok
Myles Turner,71.0,28.639,28.65,-0.011,ok
Keegan Murray,23.0,31.5809,31.57,0.0109,ok
Gradey Dick,76.0,11.2495,11.26,-0.0105,ok
Cody Williams,67.0,18.6296,18.64,-0.0104,ok
Maxime Raynaud,74.0,28.0597,28.07,-0.0103,ok
AJ Johnson,48.0,5.47,5.48,-0.01,ok
Aaron Nesmith,45.0,24.35,24.36,-0.01,ok
Alex Antetokounmpo,6.0,4.51,4.5,0.01,ok
Alex Caruso,56.0,17.99,18.0,-0.01,ok
Alijah Martin,23.0,5.16,5.17,-0.01,ok
Alperen Sengun,72.0,48.61,48.6,0.01,ok
Andre Jackson Jr.,48.0,5.99,6.0,-0.01,ok
Anfernee Simons,55.0,23.32,23.33,-0.01,ok
Ben Saraf,44.0,15.01,15.02,-0.01,ok
Bilal Coulibaly,56.0,27.33,27.34,-0.01,ok
Blake Wesley,31.0,10.27,10.26,0.01,ok
Bobi Klintman,12.0,4.16,4.17,-0.01,ok
Bogdan Bogdanovic,23.0,14.34,14.35,-0.01,ok
Bones Hyland,71.0,18.15,18.14,0.01,ok
Bradley Beal,6.0,10.51,10.5,0.01,ok
Brook Lopez,75.0,20.99,21.0,-0.01,ok
Bryce McGowens,42.0,16.23,16.24,-0.01,ok
Bub Carrington,82.0,22.8,22.79,0.01,ok
CJ McCollum,76.0,32.68,32.67,0.01,ok
Caleb Love,49.0,17.62,17.63,-0.01,ok
Cam Spencer,72.0,27.95,27.96,-0.01,ok
Chaz Lanier,34.0,4.48,4.47,0.01,ok
Christian Braun,44.0,26.26,26.27,-0.01,ok
Christian Koloko,27.0,11.9,11.89,0.01,ok
Craig Porter Jr.,64.0,19.63,19.64,-0.01,ok
DaQuan Jeffries,3.0,18.68,18.67,0.01,ok
Daeqwon Plowden,32.0,20.01,20.0,0.01,ok
Dereck Lively II,7.0,21.28,21.29,-0.01,ok
Dillon Jones,7.0,4.87,4.86,0.01,ok
Dorian Finney-Smith,37.0,9.42,9.43,-0.01,ok
Drew Timme,27.0,7.27,7.26,0.01,ok
Dru Smith,70.0,18.98,18.99,-0.01,ok
Duncan Robinson,77.0,23.1,23.09,0.01,ok
Duop Reath,32.0,6.7,6.69,0.01,ok
Dylan Harper,69.0,25.88,25.87,0.01,ok
Dyson Daniels,76.0,39.64,39.63,0.01,ok
Ethan Thompson,32.0,14.67,14.66,0.01,ok
Garrett Temple,22.0,2.17,2.18,-0.01,ok
Harrison Ingram,7.0,3.13,3.14,-0.01,ok
Haywood Highsmith,7.0,13.56,13.57,-0.01,ok
Herbert Jones,56.0,23.44,23.45,-0.01,ok
Hunter Sallis,7.0,1.42,1.43,-0.01,ok
Isaac Okoro,63.0,19.8,19.79,0.01,ok
Ivica Zubac,48.0,36.32,36.31,0.01,ok
Jahmir Young,14.0,3.2,3.21,-0.01,ok
Jaime Jaquez Jr.,75.0,31.32,31.33,-0.01,ok
Jalen Green,32.0,27.33,27.34,-0.01,ok
Jamal Murray,75.0,47.8,47.79,0.01,ok
Jamaree Bouyea,46.0,13.9,13.89,0.01,ok
Jerami Grant,57.0,28.78,28.77,0.01,ok
Jeremiah Robinson-Earl,22.0,12.22,12.23,-0.01,ok
John Tonje,6.0,4.99,5.0,-0.01,ok
Jordan Clarkson,72.0,14.37,14.38,-0.01,ok
Josh Oduro,3.0,22.66,22.67,-0.01,ok
Karl-Anthony Towns,75.0,44.71,44.72,-0.01,ok
Kelly Olynyk,41.0,8.64,8.63,0.01,ok
Kentavious Caldwell-Pope,51.0,17.93,17.94,-0.01,ok
Keon Ellis,72.0,17.47,17.46,0.01,ok
Kevin McCullar Jr.,21.0,6.61,6.62,-0.01,ok
Klay Thompson,69.0,18.73,18.72,0.01,ok
Kobe Brown,61.0,13.5,13.49,0.01,ok
Kobe Sanders,68.0,14.88,14.87,0.01,ok
Lachlan Olbrich,26.0,5.36,5.35,0.01,ok
Landry Shamet,51.0,17.05,17.04,0.01,ok
Larry Nance Jr.,35.0,10.95,10.94,0.01,ok
Lindy Waters III,40.0,4.59,4.58,0.01,ok
Lonzo Ball,35.0,19.24,19.23,0.01,ok
MarJon Beauchamp,14.0,13.58,13.57,0.01,ok
Matisse Thybulle,30.0,18.89,18.9,-0.01,ok
Max Strus,12.0,22.43,22.42,0.01,ok
Micah Peavy,61.0,11.02,11.03,-0.01,ok
Miles McBride,41.0,23.84,23.83,0.01,ok
Mitchell Robinson,60.0,28.21,28.2,0.01,ok
Nate Williams,14.0,13.51,13.5,0.01,ok
Nick Richards,48.0,13.84,13.83,0.01,ok
Nicolas Batum,74.0,11.87,11.86,0.01,ok
Nigel Hayes-Davis,27.0,3.73,3.74,-0.01,ok
Norchad Omier,6.0,6.68,6.67,0.01,ok
Obi Toppin,24.0,22.41,22.42,-0.01,ok
Ochai Agbaji,62.0,11.09,11.1,-0.01,ok
Patrick Baldwin Jr.,9.0,11.01,11.0,0.01,ok
Rasheer Fleming,55.0,10.06,10.07,-0.01,ok
Ron Harper Jr.,29.0,10.3,10.31,-0.01,ok
Ryan Nembhard,60.0,18.36,18.35,0.01,ok
Sam Hauser,78.0,20.18,20.19,-0.01,ok
Scoot Henderson,30.0,24.41,24.4,0.01,ok
Scottie Barnes,80.0,47.25,47.26,-0.01,ok
Sidy Cissoko,75.0,12.79,12.8,-0.01,ok
Taelon Peter,38.0,10.07,10.08,-0.01,ok
Tolu Smith,15.0,10.72,10.73,-0.01,ok
Tony Bradley,40.0,9.99,10.0,-0.01,ok
Trae Young,15.0,35.26,35.27,-0.01,ok
Tre Johnson,60.0,19.89,19.88,0.01,ok
TyTy Washington Jr.,16.0,5.89,5.88,0.01,ok
Tyler Herro,33.0,35.96,35.97,-0.01,ok
VJ Edgecombe,75.0,35.92,35.91,0.01,ok
Will Richard,69.0,16.78,16.77,0.01,ok
Xavier Tillman,30.0,5.54,5.53,0.01,ok
Yang Hansen,43.0,4.04,4.05,-0.01,ok
Isaiah Hartenstein,47.0,34.0098,34.0,0.0098,ok
Jeremiah Fears,82.0,26.4098,26.4,0.0098,ok
Goga Bitadze,64.0,21.3706,21.38,-0.0094,ok
Jrue Holiday,53.0,34.9294,34.92,0.0094,ok
Tidjane Salaun,37.0,13.9611,13.97,-0.0089,ok
Devin Booker,64.0,40.2413,40.25,-0.0087,ok
Dennis Schroder,70.0,22.9686,22.96,0.0086,ok
James Harden,70.0,45.1086,45.1,0.0086,ok
Onyeka Okongwu,74.0,37.6586,37.65,0.0086,ok
Isaiah Collier,59.0,29.6185,29.61,0.0085,ok
Josh Okogie,78.0,12.8185,12.81,0.0085,ok
Donovan Clingan,77.0,41.0416,41.05,-0.0084,ok
Norman Powell,58.0,32.9617,32.97,-0.0083,ok
Jaylon Tyson,66.0,28.3082,28.3,0.0082,ok
Nikola Vucevic,64.0,36.6481,36.64,0.0081,ok
Paul George,37.0,35.9622,35.97,-0.0078,ok
Cade Cunningham,64.0,53.3325,53.34,-0.0075,ok
Austin Reaves,51.0,41.0529,41.06,-0.0071,ok
Jamal Shead,82.0,20.3932,20.4,-0.0068,ok
Micah Potter,47.0,21.8368,21.83,0.0068,ok
Aaron Gordon,36.0,30.9633,30.97,-0.0067,ok
Bennedict Mathurin,54.0,27.5667,27.56,0.0067,ok
De'Aaron Fox,72.0,37.6233,37.63,-0.0067,ok
Deandre Ayton,72.0,31.5867,31.58,0.0067,ok
Desmond Bane,82.0,36.8566,36.85,0.0066,ok
Jay Huff,82.0,25.9366,25.93,0.0066,ok
Mikal Bridges,82.0,34.3066,34.3,0.0066,ok
Keshad Johnson,32.0,9.7437,9.75,-0.0063,ok
Evan Mobley,65.0,44.5462,44.54,0.0062,ok
Naz Reid,77.0,30.9938,31.0,-0.0062,ok
Julian Champagnie,82.0,25.3961,25.39,0.0061,ok
OG Anunoby,67.0,34.5339,34.54,-0.0061,ok
Andrew Nembhard,57.0,35.1742,35.18,-0.0058,ok
Dejounte Murray,14.0,36.4943,36.5,-0.0057,ok
Jaxson Hayes,66.0,20.2355,20.23,0.0055,ok
Danny Wolf,57.0,20.4753,20.47,0.0053,ok
Daniss Jenkins,72.0,20.565,20.57,-0.005,ok
Jalen Johnson,72.0,53.075,53.08,-0.005,ok
John Konchar,56.0,22.105,22.11,-0.005,ok
Kel'el Ware,77.0,32.4651,32.47,-0.0049,ok
Brandon Williams,66.0,24.4055,24.41,-0.0045,ok
Rayan Rupert,64.0,12.9744,12.97,0.0044,ok
Jabari Walker,64.0,10.9238,10.92,0.0038,ok
Chaney Johnson,17.0,23.0565,23.06,-0.0035,ok
Chet Holmgren,69.0,40.9735,40.97,0.0035,ok
Kevin Huerter,69.0,23.0735,23.07,0.0035,ok
Donte DiVincenzo,82.0,29.3666,29.37,-0.0034,ok
Isaiah Stewart,58.0,25.0934,25.09,0.0034,ok
Jake LaRavia,82.0,21.9766,21.98,-0.0034,ok
Ausar Thompson,73.0,32.1533,32.15,0.0033,ok
Reed Sheppard,82.0,30.1532,30.15,0.0032,ok
Mouhamed Gueye,77.0,15.2869,15.29,-0.0031,ok
Jock Landale,68.0,25.7771,25.78,-0.0029,ok
Lauri Markkanen,42.0,44.3971,44.4,-0.0029,ok
Bobby Portis,67.0,27.6425,27.64,0.0025,ok
Collin Gillespie,80.0,30.9325,30.93,0.0025,ok
Julius Randle,79.0,39.6975,39.7,-0.0025,ok
Sandro Mamukelashvili,80.0,26.2125,26.21,0.0025,ok
Victor Wembanyama,64.0,59.5025,59.5,0.0025,ok
Gui Santos,68.0,21.5624,21.56,0.0024,ok
Luke Kornet,68.0,24.8524,24.85,0.0024,ok
Michael Porter Jr.,52.0,41.3323,41.33,0.0023,ok
Kevin Love,37.0,18.7822,18.78,0.0022,ok
Keyonte George,54.0,39.7222,39.72,0.0022,ok
DeMar DeRozan,77.0,32.7379,32.74,-0.0021,ok
Day'Ron Sharpe,62.0,26.1519,26.15,0.0019,ok
Isaiah Jackson,55.0,20.9118,20.91,0.0018,ok
Taylor Hendricks,59.0,18.1517,18.15,0.0017,ok
Paul Reed,65.0,23.1385,23.14,-0.0015,ok
Wendell Carter Jr.,78.0,29.1815,29.18,0.0015,ok
Drew Eubanks,42.0,12.7614,12.76,0.0014,ok
Jarrett Allen,56.0,36.9514,36.95,0.0014,ok
P.J. Washington,56.0,30.6386,30.64,-0.0014,ok
Santi Aldama,43.0,32.4388,32.44,-0.0012,ok
Tre Jones,65.0,32.3808,32.38,0.0008,ok
Jalen Smith,53.0,25.5294,25.53,-0.0006,ok
John Collins,69.0,28.0704,28.07,0.0004,ok
Toumani Camara,82.0,28.7898,28.79,-0.0002,ok
Trendon Watford,53.0,16.1498,16.15,-0.0002,ok
Payton Pritchard,79.0,34.5399,34.54,-0.0001,ok
AJ Green,78.0,19.51,19.51,0.0,ok
Adou Thiero,25.0,4.64,4.64,0.0,ok
Alondes Williams,4.0,31.25,31.25,0.0,ok
Anthony Davis,20.0,48.55,48.55,0.0,ok
Antonio Reeves,10.0,5.2,5.2,0.0,ok
Bismack Biyombo,25.0,2.92,2.92,0.0,ok
Blake Hinson,14.0,21.21,21.21,0.0,ok
Brice Sensabaugh,75.0,23.51,23.51,0.0,ok
CJ Huntley,4.0,7.0,7.0,0.0,ok
Cam Thomas,42.0,16.81,16.81,0.0,ok
Chris Manon,9.0,5.33,5.33,0.0,ok
Chucky Hepburn,2.0,0.5,0.5,0.0,ok
Coby White,50.0,26.52,26.52,0.0,ok
Cody Martin,4.0,8.25,8.25,0.0,ok
Colby Jones,1.0,9.0,9.0,0.0,ok
Cole Anthony,35.0,15.71,15.71,0.0,ok
Colin Castleton,4.0,4.0,4.0,0.0,ok
Curtis Jones,10.0,7.4,7.4,0.0,ok
DaRon Holmes II,25.0,7.6,7.6,0.0,ok
Damian Lillard,1.0,0.0,0.0,0.0,ok
Dario Saric,5.0,1.8,1.8,0.0,ok
Dariq Whitehead,6.0,22.67,22.67,0.0,ok
David Roddy,5.0,19.6,19.6,0.0,ok
De'Andre Hunter,45.0,21.67,21.67,0.0,ok
De'Anthony Melton,49.0,24.65,24.65,0.0,ok
Derrick Jones Jr.,50.0,24.22,24.22,0.0,ok
Devin Carter,38.0,18.92,18.92,0.0,ok
Drake Powell,63.0,12.3,12.3,0.0,ok
Drew Peterson,6.0,4.0,4.0,0.0,ok
Emanuel Miller,5.0,7.0,7.0,0.0,ok
Enrique Freeman,4.0,11.5,11.5,0.0,ok
Gabe Vincent,53.0,9.66,9.66,0.0,ok
Garrison Mathews,15.0,10.0,10.0,0.0,ok
Grant Williams,36.0,17.92,17.92,0.0,ok
Hunter Dickinson,5.0,5.0,5.0,0.0,ok
Isaac Jones,7.0,2.57,2.57,0.0,ok
Isaiah Stevens,3.0,16.67,16.67,0.0,ok
Ja Morant,20.0,36.0,36.0,0.0,ok
Jacob Toppin,5.0,3.4,3.4,0.0,ok
Jaden Hardy,57.0,12.68,12.68,0.0,ok
Jaden Ivey,37.0,17.46,17.46,0.0,ok
Jalen Pickett,50.0,12.7,12.7,0.0,ok
James Wiseman,4.0,6.75,6.75,0.0,ok
Jamir Watkins,50.0,19.42,19.42,0.0,ok
Javon Small,41.0,23.12,23.12,0.0,ok
Jeremy Sochan,44.0,9.98,9.98,0.0,ok
Jett Howard,55.0,10.29,10.29,0.0,ok
Jordan McLaughlin,44.0,6.02,6.02,0.0,ok
Josh Giddey,54.0,46.19,46.19,0.0,ok
KJ Simpson,20.0,10.55,10.55,0.0,ok
Kelly Oubre Jr.,50.0,28.56,28.56,0.0,ok
Kris Murray,57.0,17.28,17.28,0.0,ok
Kyle Anderson,43.0,21.21,21.21,0.0,ok
LaMelo Ball,72.0,41.1,41.1,0.0,ok
Lawson Lovering,2.0,27.5,27.5,0.0,ok
Liam McNeeley,31.0,8.71,8.71,0.0,ok
Markelle Fultz,5.0,2.8,2.8,0.0,ok
Mason Plumlee,20.0,8.0,8.0,0.0,ok
Max Shulga,11.0,1.36,1.36,0.0,ok
Mike Conley,54.0,14.41,14.41,0.0,ok
Miles Kelly,14.0,7.29,7.29,0.0,ok
Mo Bamba,4.0,12.75,12.75,0.0,ok
N'Faly Dante,4.0,4.25,4.25,0.0,ok
Nick Smith Jr.,30.0,9.47,9.47,0.0,ok
Nikola Jovic,47.0,14.83,14.83,0.0,ok
Nikola Topic,10.0,13.8,13.8,0.0,ok
Noa Essengue,2.0,0.5,0.5,0.0,ok
Olivier Sarr,4.0,13.75,13.75,0.0,ok
Orlando Robinson,4.0,6.25,6.25,0.0,ok
Patrick Williams,72.0,15.01,15.01,0.0,ok
RJ Barrett,57.0,32.98,32.98,0.0,ok
Riley Minix,9.0,7.56,7.56,0.0,ok
Rocco Zikarsky,5.0,10.8,10.8,0.0,ok
Scotty Pippen Jr.,10.0,27.1,27.1,0.0,ok
Seth Curry,10.0,12.5,12.5,0.0,ok
Shaedon Sharpe,50.0,31.22,31.22,0.0,ok
Sharife Cooper,41.0,16.41,16.41,0.0,ok
Simone Fontecchio,70.0,16.8,16.8,0.0,ok
Skal Labissiere,3.0,14.67,14.67,0.0,ok
Stanley Umude,2.0,4.0,4.0,0.0,ok
Svi Mykhailiuk,50.0,18.52,18.52,0.0,ok
Taj Gibson,10.0,9.4,9.4,0.0,ok
Terance Mann,63.0,18.97,18.97,0.0,ok
Thanasis Antetokounmpo,34.0,4.71,4.71,0.0,ok
Tosan Evbuomwan,5.0,0.4,0.4,0.0,ok
Trentyn Flowers,2.0,3.5,3.5,0.0,ok
Trey Alexander,9.0,12.0,12.0,0.0,ok
Tristen Newton,1.0,21.0,21.0,0.0,ok
Tyler Smith,12.0,10.25,10.25,0.0,ok
Tyrese Proctor,50.0,10.4,10.4,0.0,ok
Vit Krejci,65.0,18.11,18.11,0.0,ok
Walker Kessler,5.0,46.4,46.4,0.0,ok
Zaccharie Risacher,67.0,20.9,20.9,0.0,ok
Zach Collins,10.0,21.9,21.9,0.0,ok
