pick,round,team,player
1,1,Lauri Birds,Nikola Jokic
2,1,Matt Wright's Foxies,Shai Gilgeous-Alexander
3,1,Team Nic Kerr,Luka Doncic
4,1,Cream Abdul-Yammar,Victor Wembanyama
5,1,Snow Time Lakers,Jalen Johnson
6,1,Come-in Cider,Cade Cunningham
7,1,Dr White Slong,Giannis Antetokounmpo
8,1,Melbourne poopoo,Anthony Edwards
9,2,Melbourne poopoo,Jalen Brunson
10,2,Dr White Slong,Donovan Mitchell
11,2,Come-in Cider,Scottie Barnes
12,2,Snow Time Lakers,Jayson Tatum
13,2,Cream Abdul-Yammar,Josh Giddey
14,2,Team Nic Kerr,Tyrese Maxey
15,2,Matt Wright's Foxies,Cooper Flagg
16,2,Lauri Birds,Tyrese Haliburton
17,3,Lauri Birds,Kevin Durant
18,3,Matt Wright's Foxies,Amen Thompson
19,3,Team Nic Kerr,Domantas Sabonis
20,3,Cream Abdul-Yammar,Alperen Sengun
21,3,Snow Time Lakers,Devin Booker
22,3,Come-in Cider,Jalen Duren
23,3,Dr White Slong,Deni Avdija
24,3,Melbourne poopoo,Karl-Anthony Towns
25,4,Melbourne poopoo,Jalen Williams
26,4,Dr White Slong,Paolo Banchero
27,4,Come-in Cider,Jamal Murray
28,4,Snow Time Lakers,Jaylen Brown
29,4,Cream Abdul-Yammar,LaMelo Ball
30,4,Team Nic Kerr,James Harden
31,4,Matt Wright's Foxies,Evan Mobley
32,4,Lauri Birds,Bam Adebayo
33,5,Lauri Birds,Darius Garland
34,5,Matt Wright's Foxies,Pascal Siakam
35,5,Team Nic Kerr,Chet Holmgren
36,5,Cream Abdul-Yammar,Austin Reaves
37,5,Snow Time Lakers,Dyson Daniels
38,5,Come-in Cider,Kawhi Leonard
39,5,Dr White Slong,Nikola Vucevic
40,5,Melbourne poopoo,Stephon Castle
41,6,Melbourne poopoo,Anthony Davis
42,6,Dr White Slong,Derrick White
43,6,Come-in Cider,Dejounte Murray
44,6,Snow Time Lakers,Julius Randle
45,6,Cream Abdul-Yammar,LeBron James
46,6,Team Nic Kerr,Trae Young
47,6,Matt Wright's Foxies,Brandon Miller
48,6,Lauri Birds,Stephen Curry
49,7,Lauri Birds,Lauri Markkanen
50,7,Matt Wright's Foxies,Naz Reid
51,7,Team Nic Kerr,Kon Knueppel
52,7,Cream Abdul-Yammar,Mikal Bridges
53,7,Snow Time Lakers,Donovan Clingan
54,7,Come-in Cider,Trey Murphy III
55,7,Dr White Slong,Nickeil Alexander-Walker
56,7,Melbourne poopoo,Dylan Harper
57,8,Melbourne poopoo,Brandon Ingram
58,8,Dr White Slong,Matas Buzelis
59,8,Come-in Cider,Desmond Bane
60,8,Snow Time Lakers,Tyler Herro
61,8,Cream Abdul-Yammar,Franz Wagner
62,8,Team Nic Kerr,Michael Porter Jr.
63,8,Matt Wright's Foxies,Jaren Jackson Jr.
64,8,Lauri Birds,Cameron Boozer
65,9,Lauri Birds,Norman Powell
66,9,Matt Wright's Foxies,De'Aaron Fox
67,9,Team Nic Kerr,Jarrett Allen
68,9,Cream Abdul-Yammar,Keyonte George
69,9,Snow Time Lakers,AJ Dybantsa
70,9,Come-in Cider,Onyeka Okongwu
71,9,Dr White Slong,Josh Hart
72,9,Melbourne poopoo,VJ Edgecombe
73,10,Melbourne poopoo,Zion Williamson
74,10,Dr White Slong,RJ Barrett
75,10,Come-in Cider,Caleb Wilson
76,10,Snow Time Lakers,Joel Embiid
77,10,Cream Abdul-Yammar,Rudy Gobert
78,10,Team Nic Kerr,Ja Morant
79,10,Matt Wright's Foxies,Brandin Podziemski
80,10,Lauri Birds,Ivica Zubac
81,11,Lauri Birds,Ausar Thompson
82,11,Matt Wright's Foxies,Derik Queen
83,11,Team Nic Kerr,Alex Sarr
84,11,Cream Abdul-Yammar,Payton Pritchard
85,11,Snow Time Lakers,Walker Kessler
86,11,Come-in Cider,Ryan Rollins
87,11,Dr White Slong,Isaiah Hartenstein
88,11,Melbourne poopoo,DeMar DeRozan
89,12,Melbourne poopoo,Jaden McDaniels
90,12,Dr White Slong,Keegan Murray
91,12,Come-in Cider,Miles Bridges
92,12,Snow Time Lakers,Kyrie Irving
93,12,Cream Abdul-Yammar,OG Anunoby
94,12,Team Nic Kerr,Darryn Peterson
95,12,Matt Wright's Foxies,Damian Lillard
96,12,Lauri Birds,Zach Edey
97,13,Lauri Birds,Ajay Mitchell
98,13,Matt Wright's Foxies,Anthony Black
99,13,Team Nic Kerr,Darius Acuff Jr.
100,13,Cream Abdul-Yammar,Immanuel Quickley
101,13,Snow Time Lakers,Cedric Coward
102,13,Come-in Cider,Kel'el Ware
103,13,Dr White Slong,Ace Bailey
104,13,Melbourne poopoo,Ty Jerome
