player,team,pos,slot,acquired,acquired_on,notes
Cade Cunningham,DET,PG,roster,draft R1 P6,2026-10-08,
Scottie Barnes,TOR,SG/SF,roster,draft R2 P11,2026-10-08,
Jalen Duren,DET,C,roster,draft R3 P22,2026-10-08,
Jamal Murray,DEN,PG,roster,draft R4 P27,2026-10-08,
Kawhi Leonard,TOR,SF/PF,roster,draft R5 P38,2026-10-08,
Dejounte Murray,NO,PG/SG,roster,draft R6 P43,2026-10-08,
Trey Murphy III,NO,SG/SF,roster,draft R7 P54,2026-10-08,
Desmond Bane,ORL,SG/SF,roster,draft R8 P59,2026-10-08,
Onyeka Okongwu,ATL,C,roster,draft R9 P70,2026-10-08,
Caleb Wilson,CHI,SF,roster,draft R10 P75,2026-10-08,
Ryan Rollins,MIL,PG/SG,roster,draft R11 P86,2026-10-08,
Miles Bridges,PHX,SF/PF,roster,draft R12 P91,2026-10-08,
Kel'el Ware,MIL,C,roster,draft R13 P102,2026-10-08,
