PlayerID,Player,Team,Pos,Injury,%Own,ADP,A_GP,A_MIN,A_PTS,A_FGM,A_FGA,A_FG%,A_FTM,A_FTA,A_FT%,A_3PM,A_3PA,A_3P%,A_OREB,A_DREB,A_REB,A_AST,A_STL,A_BLK,A_TO,A_PF,A_DD,A_TD,A_FPTS,A_FPTS_AVG
3112335,Nikola Jokic,DEN,C,ACTIVE,99.9,1.5,65,34.85,27.68,9.91,17.42,0.57,6.14,7.38,0.83,1.72,4.54,0.38,2.95,9.91,12.86,10.72,1.42,0.82,3.74,2.66,55,34,4871,74.94
3945274,Luka Doncic,LAL,PG,DAY_TO_DAY,99.9,3.6,64,35.83,33.48,10.83,22.77,0.48,7.86,10.08,0.78,3.97,10.84,0.37,0.64,7.09,7.73,8.28,1.64,0.53,3.98,2.39,34,8,3976,62.13
4278073,Shai Gilgeous-Alexander,OKC,PG,DAY_TO_DAY,99.9,3,68,33.26,31.13,10.75,19.43,0.55,7.94,9.03,0.88,1.69,4.38,0.39,0.56,3.74,4.29,6.59,1.4,0.76,2.22,2.04,8,0,3835,56.4
4701230,Jalen Johnson,ATL,PF,ACTIVE,98.8,8.7,72,35.21,22.51,8.33,17.06,0.49,4.18,5.31,0.79,1.67,4.74,0.35,1.4,8.88,10.28,7.86,1.24,0.43,3.39,2.1,49,13,3822,53.08
5104157,Victor Wembanyama,SA,C,ACTIVE,99.9,3.1,64,29.19,25,8.64,16.88,0.51,5.81,7.03,0.83,1.91,5.47,0.35,2.03,9.47,11.5,3.11,1.03,3.08,2.42,2.44,42,1,3808,59.5
4433134,Scottie Barnes,TOR,SG/SF,ACTIVE,99.5,16.1,80,33.51,18.1,7.11,14.04,0.51,3.02,3.71,0.81,0.85,2.8,0.3,1.86,5.64,7.5,5.92,1.43,1.45,2.63,2.64,30,3,3781,47.26
4431678,Tyrese Maxey,PHI,PG/SG,DAY_TO_DAY,99.8,12.9,70,38.04,28.29,9.91,21.44,0.46,5.31,5.96,0.89,3.14,8.56,0.37,0.34,3.79,4.13,6.59,1.86,0.79,2.44,2.16,7,0,3696,52.8
3936299,Jamal Murray,DEN,PG,ACTIVE,98.8,32.6,75,35.37,25.4,8.76,18.13,0.48,4.61,5.2,0.89,3.27,7.51,0.44,0.43,3.97,4.4,7.13,0.88,0.39,2.28,1.75,18,0,3584,47.79
4871144,Alperen Sengun,HOU,C,ACTIVE,98.5,24.2,72,33.35,20.36,8.1,15.6,0.52,3.61,5.22,0.69,0.56,1.82,0.31,2.99,5.92,8.9,6.18,1.18,1.07,3.15,3.31,34,4,3499,48.6
4684740,Amen Thompson,HOU,SG/SF,ACTIVE,99.6,20.2,79,37.39,18.27,7.05,13.22,0.53,3.85,4.94,0.78,0.32,1.47,0.22,2.97,4.8,7.77,5.32,1.51,0.61,2.41,2.22,20,0,3489,44.16
3202,Kevin Durant,HOU,SF/PF,ACTIVE,99.8,19.5,78,36.42,25.97,9.18,17.64,0.52,5.23,5.99,0.87,2.38,5.77,0.41,0.53,4.94,5.46,4.77,0.79,0.91,3.15,1.82,7,0,3481,44.63
4432166,Cade Cunningham,DET,PG,ACTIVE,99.8,8,64,33.94,23.92,8.56,18.58,0.46,4.84,5.97,0.81,1.95,5.72,0.34,0.88,4.67,5.55,9.91,1.44,0.84,3.69,3.06,38,3,3414,53.34
3136195,Karl-Anthony Towns,NY,C,ACTIVE,99.8,21.1,75,30.95,20.05,6.89,13.76,0.5,4.76,5.55,0.86,1.51,4.09,0.37,3.11,8.75,11.85,3.01,0.87,0.53,2.49,3.4,56,1,3354,44.72
3908809,Donovan Mitchell,CLE,PG/SG,ACTIVE,99.8,11.3,70,33.44,27.89,9.69,20.04,0.48,5.31,6.14,0.87,3.2,8.8,0.36,0.71,3.8,4.51,5.69,1.49,0.29,2.83,2.33,5,0,3348,47.83
6450,Kawhi Leonard,TOR,SF/PF,DAY_TO_DAY,97.5,30.5,65,32.11,27.89,9.77,19.35,0.5,5.71,6.4,0.89,2.65,6.85,0.39,1.09,5.26,6.35,3.6,1.88,0.42,2.05,1.2,5,0,3249,49.98
3917376,Jaylen Brown,PHI,SG/SF,ACTIVE,99.6,32.8,71,34.41,28.7,10.37,21.73,0.48,6,7.55,0.79,1.97,5.69,0.35,1.14,5.79,6.93,5.13,1.01,0.38,3.65,2.69,14,3,3236,45.58
3934672,Jalen Brunson,NY,PG,ACTIVE,99.8,13.1,74,35.08,26.04,9.31,19.93,0.47,4.78,5.69,0.84,2.64,7.14,0.37,0.42,2.92,3.34,6.8,0.77,0.11,2.36,2.3,12,0,3188,43.08
5105565,Donovan Clingan,POR,C,ACTIVE,77.7,81.8,77,27.18,12.13,4.62,8.88,0.52,1.79,2.64,0.68,1.09,3.19,0.34,4.51,7.08,11.58,2.1,0.57,1.69,1.23,2.36,37,0,3161,41.05
3992,James Harden,CLE,PG/SG,ACTIVE,99.5,28.3,70,34.9,23.6,6.96,16.04,0.43,6.61,7.49,0.88,3.07,8.19,0.38,0.57,4.23,4.8,7.96,1.13,0.4,3.5,1.96,20,2,3157,45.1
3064514,Julius Randle,BKN,PF,ACTIVE,87.4,60.4,79,33.06,21.1,7.34,15.28,0.48,5.04,6.28,0.8,1.38,4.38,0.32,1.67,5.06,6.73,5.04,1.09,0.23,2.75,2.82,15,3,3136,39.7
4066261,Bam Adebayo,MIA,PF/C,ACTIVE,99.2,28.8,73,32.37,20.11,6.93,15.68,0.44,4.51,5.79,0.78,1.74,5.48,0.32,2.04,7.99,10.03,3.18,1.18,0.67,1.64,1.67,35,0,3118,42.71
4433621,Jalen Duren,DET,C,DAY_TO_DAY,93.5,33.4,70,28.26,19.5,7.46,11.47,0.65,4.59,6.14,0.75,0,0,0,3.79,6.74,10.53,1.97,0.81,0.84,1.86,2.79,41,0,3102,44.31
4066320,Desmond Bane,ORL,SG/SF,ACTIVE,94.4,49.8,82,33.62,20.09,7.11,14.7,0.48,3.83,4.22,0.91,2.04,5.21,0.39,1.2,2.93,4.12,4.12,1.05,0.45,2,3.07,1,0,3022,36.85
4869342,Dyson Daniels,ATL,PG/SG,ACTIVE,90,60.4,76,33.2,11.86,5.29,10.22,0.52,0.99,1.61,0.61,0.29,1.54,0.19,2.42,4.42,6.84,5.91,1.96,0.41,1.78,2.18,15,2,3012,39.63
4432816,LaMelo Ball,MIN,PG,ACTIVE,99.4,25.5,72,27.99,20.07,7.03,17.28,0.41,2.24,2.49,0.9,3.78,10.28,0.37,0.9,3.92,4.82,7.14,1.21,0.25,2.81,2.71,10,1,2959,41.1
3078576,Derrick White,BOS,PG/SG,ACTIVE,95.1,40.3,77,34.06,16.45,5.68,14.39,0.39,2.39,2.65,0.9,2.71,8.31,0.33,1.12,3.29,4.4,5.38,1.14,1.27,1.74,1.55,1,0,2954,38.36
4432573,Paolo Banchero,ORL,SF/PF,ACTIVE,98.3,42,72,34.71,22.21,7.35,16,0.46,6.35,8.19,0.77,1.17,3.82,0.31,1.18,7.21,8.39,5.18,0.71,0.56,3.08,2,26,3,2907,40.38
3032976,Rudy Gobert,MIN,C,ACTIVE,82.9,80,76,31.29,10.91,4.41,6.46,0.68,2.09,3.97,0.53,0,0.07,0,3.93,7.54,11.47,1.68,0.76,1.63,1.39,2.62,33,0,2907,38.25
5041939,Cooper Flagg,DAL,SF/PF,ACTIVE,99.8,17.4,70,33.56,21.04,7.99,17.06,0.47,4.04,4.89,0.83,1.03,3.49,0.3,1.23,5.43,6.66,4.51,1.2,0.91,2.3,2.03,13,0,2903,41.47
4278039,Nickeil Alexander-Walker,ATL,PG/SG,ACTIVE,82.4,55.6,78,33.37,20.82,7.03,15.32,0.46,3.55,3.94,0.9,3.22,8.06,0.4,0.67,2.77,3.44,3.67,1.31,0.54,2.08,2.22,2,0,2896,37.13
4432158,Evan Mobley,CLE,PF/C,ACTIVE,98.7,36.5,65,31.98,18.15,7.22,13.22,0.55,2.77,4.57,0.61,0.95,3.22,0.3,2.4,6.62,9.02,3.6,0.74,1.74,1.88,2.45,27,0,2895,44.54
4683021,Deni Avdija,POR,SF/PF,ACTIVE,93.9,35,66,33.36,24.21,7.45,16.12,0.46,7.41,9.24,0.8,1.89,5.95,0.32,1.12,5.76,6.88,6.7,0.77,0.62,3.83,2.55,19,3,2871,43.5
4433255,Chet Holmgren,OKC,PF/C,DAY_TO_DAY,92.9,65.1,69,28.96,17.12,6.29,11.29,0.56,3.26,4.12,0.79,1.28,3.52,0.36,1.88,7.01,8.9,1.67,0.62,1.9,1.55,2.29,24,0,2827,40.97
4594268,Anthony Edwards,MIN,SG/SF,ACTIVE,99.9,7.2,61,34.98,28.8,9.87,20.18,0.49,5.7,7.16,0.8,3.36,8.43,0.4,0.59,4.36,4.95,3.7,1.36,0.8,2.85,1.93,2,0,2822,46.26
3147657,Mikal Bridges,NY,SG/SF,ACTIVE,91.3,51.9,82,32.87,14.4,5.76,11.74,0.49,0.99,1.2,0.83,1.9,5.12,0.37,0.96,2.84,3.8,3.71,1.3,0.76,1.01,1.95,1,0,2813,34.3
3913176,Brandon Ingram,LAC,SF/PF,OUT,81.6,79.9,77,33.79,21.49,7.97,16.73,0.48,3.79,4.62,0.82,1.75,4.58,0.38,0.82,4.77,5.58,3.69,0.75,0.71,2.43,1.92,2,0,2811,36.51
4431680,Onyeka Okongwu,ATL,C,ACTIVE,80.3,79.5,74,31.08,15.18,5.58,11.62,0.48,2.07,2.73,0.76,1.95,5.18,0.38,1.89,5.7,7.59,3.12,1.11,1.07,1.72,3.28,16,0,2786,37.65
4591725,Ryan Rollins,MIL,PG/SG,ACTIVE,65.2,110.2,74,32.09,17.31,6.57,13.92,0.47,1.69,2.12,0.8,2.49,6.12,0.41,0.73,3.84,4.57,5.59,1.49,0.42,2.72,2.61,6,0,2775,37.5
5061575,Kon Knueppel,CHA,SG/SF,DAY_TO_DAY,91.3,42.9,81,31.47,18.49,6.36,13.38,0.48,2.41,2.79,0.86,3.37,7.93,0.43,1.2,4.14,5.33,3.38,0.7,0.23,1.99,2.09,7,0,2766,34.15
4397688,Trey Murphy III,NO,SG/SF,ACTIVE,84.8,75,66,35.47,21.52,7.48,15.91,0.47,3.3,3.73,0.89,3.24,8.56,0.38,0.95,4.76,5.71,3.79,1.5,0.36,1.82,2.09,4,0,2748,41.64
4066354,Payton Pritchard,BOS,PG/SG,ACTIVE,76.3,100.8,79,32.42,17.03,6.41,13.81,0.46,1.53,1.72,0.89,2.68,7.11,0.38,0.87,3.08,3.95,5.16,0.73,0.13,1.38,1.49,5,0,2729,34.54
4066259,De'Aaron Fox,SA,PG/SG,ACTIVE,95.3,53.1,72,31,18.56,7.07,14.54,0.49,2.6,3.42,0.76,1.82,5.49,0.33,0.58,3.17,3.75,6.18,1.24,0.26,2.28,2.25,8,0,2709,37.63
5124612,VJ Edgecombe,PHI,SG,ACTIVE,80.5,84.4,75,35.01,15.99,6.01,13.73,0.44,1.97,2.41,0.82,1.99,5.61,0.35,1.63,4.01,5.64,4.2,1.43,0.52,1.83,2.85,7,0,2693,35.91
1966,LeBron James,PHI,SF/PF,DAY_TO_DAY,99.3,36.8,60,33.13,20.93,7.88,15.32,0.51,3.88,5.27,0.74,1.28,4.05,0.32,0.72,5.35,6.07,7.2,1.2,0.58,2.98,1.35,17,3,2687,44.78
3136193,Devin Booker,PHX,PG/SG,ACTIVE,99.8,21.2,64,33.56,26.06,8.53,18.72,0.46,7.09,8.13,0.87,1.91,5.78,0.33,0.75,3.13,3.88,6.03,0.8,0.28,3.16,2.63,6,0,2576,40.25
4845367,Stephon Castle,SA,PG/SG,ACTIVE,92.9,49.8,68,29.96,16.63,5.65,12,0.47,4.15,5.65,0.73,1.19,3.59,0.33,1.43,3.88,5.31,7.38,1.15,0.28,3.19,3.26,18,5,2562,37.68
4395724,Immanuel Quickley,TOR,PG/SG,ACTIVE,70.7,107.4,70,31.96,16.43,5.73,12.93,0.44,2.43,2.96,0.82,2.54,6.8,0.37,0.54,3.49,4.03,5.93,1.31,0.07,1.46,2.01,8,0,2546,36.37
3149673,Pascal Siakam,IND,PF,ACTIVE,98.9,30.4,62,33.19,23.95,9.02,18.63,0.48,4.23,6.1,0.69,1.69,4.73,0.36,1.44,5.19,6.63,3.81,1.11,0.4,2.23,2.37,10,0,2539,40.95
4397424,Neemias Queta,BOS,C,ACTIVE,21.9,136,76,25.36,10.21,4.29,6.57,0.65,1.62,2.3,0.7,0.01,0.11,0.13,3.03,5.34,8.37,1.66,0.79,1.32,0.99,2.84,17,0,2537,33.38
3978,DeMar DeRozan,DEN,SF/PF,ACTIVE,83.3,98.2,77,31.31,18.43,6.48,13.05,0.5,4.86,5.6,0.87,0.61,1.91,0.32,0.45,2.48,2.94,4.1,1.04,0.3,1.25,1.94,2,0,2521,32.74
4711294,Matas Buzelis,CHI,SF/PF,ACTIVE,70.3,90.4,77,29.19,16.26,5.79,12.51,0.46,2.43,3.09,0.79,2.25,6.43,0.35,1,4.82,5.82,2.05,0.7,1.51,2.06,2.3,4,0,2518,32.7
4432639,Jabari Smith Jr.,HOU,PF/C,ACTIVE,55.1,122.2,77,35.14,15.78,5.69,12.66,0.45,2.1,2.71,0.78,2.3,6.34,0.36,1.4,5.47,6.87,1.86,0.73,0.92,1.36,2.49,14,0,2509,32.58
5105623,Kel'el Ware,MIL,C,ACTIVE,60.7,107.6,77,22.18,11.05,4.47,8.43,0.53,0.92,1.25,0.74,1.19,3.03,0.39,2.82,6.19,9.01,0.73,0.77,1.09,0.81,1.55,24,0,2500,32.47
4871145,Josh Giddey,CHI,PG/SG,ACTIVE,97.4,23.3,54,32.09,17.02,5.94,13.28,0.45,3.22,4.22,0.76,1.91,5.24,0.36,1.24,7.06,8.3,9.15,1.02,0.5,3.63,1.67,28,13,2494,46.19
4869780,Derik Queen,NO,PF/C,ACTIVE,55.3,102.9,81,25.04,11.7,4.37,9.23,0.47,2.68,3.37,0.79,0.28,1.09,0.26,1.68,5.38,7.06,3.68,1.04,0.91,2.35,2.65,14,2,2485,30.68
2490149,CJ McCollum,ATL,PG/SG,DAY_TO_DAY,76.3,98.4,76,29.75,18.74,6.91,15.18,0.45,2.41,3.12,0.77,2.51,6.71,0.37,0.82,2.5,3.32,3.86,0.84,0.46,1.78,1.89,0,0,2483,32.67
4066383,Miles Bridges,PHX,SF/PF,ACTIVE,81.4,92.7,77,30.99,17.06,6.22,13.53,0.46,2.7,3.29,0.82,1.92,5.78,0.33,0.97,4.87,5.84,3.19,0.6,0.44,1.39,1.7,8,0,2480,32.21
4278585,Collin Gillespie,PHX,PG,ACTIVE,31.4,127.5,80,28.48,12.65,4.4,10.53,0.42,0.95,1.09,0.87,2.9,7.22,0.4,1.11,2.98,4.09,4.64,1.24,0.2,1.55,1.63,3,0,2474,30.93
4711272,Reed Sheppard,HOU,PG/SG,ACTIVE,72.1,105.3,82,26.22,13.54,4.96,11.54,0.43,0.84,1.05,0.8,2.77,7.02,0.39,0.34,2.56,2.9,3.38,1.49,0.66,1.5,2.02,2,0,2472,30.15
4709138,Brandin Podziemski,GS,PG/SG,DAY_TO_DAY,50.9,94.3,82,28.46,13.82,4.8,10.56,0.45,2.34,2.94,0.8,1.87,5.02,0.37,0.88,4.23,5.11,3.71,1.07,0.18,1.6,1.66,5,0,2423,29.55
3934673,Donte DiVincenzo,MIN,PG/SG,OUT,5.6,139.8,82,30.46,12.2,4.13,10.18,0.41,0.95,1.28,0.74,2.98,7.85,0.38,0.82,3.28,4.1,3.82,1.27,0.41,1.44,2.4,1,0,2408,29.37
4396971,Naz Reid,CHA,PF/C,ACTIVE,82.8,66.2,77,26.09,13.58,5.16,11.31,0.46,1.17,1.6,0.73,2.1,5.82,0.36,1.17,5.03,6.19,2.21,0.99,1.01,1.64,2.53,6,0,2387,31
4431736,Toumani Camara,POR,SF/PF,ACTIVE,24.6,139.2,82,33.29,13.41,4.78,10.87,0.44,1.18,1.67,0.71,2.67,7.22,0.37,1.57,3.56,5.13,2.45,1.15,0.43,1.76,2.89,3,0,2361,28.79
4395628,Zion Williamson,NO,PF/C,ACTIVE,91.9,66.8,62,29.68,21,7.81,13.02,0.6,5.37,7.5,0.72,0.02,0.06,0.25,2.02,3.68,5.69,3.21,0.97,0.55,2.03,2.27,6,0,2350,37.9
4432848,Jaime Jaquez Jr.,MIL,SG/SF,ACTIVE,39.2,123.2,75,28.31,15.36,6.19,12.2,0.51,2.21,2.88,0.77,0.77,2.44,0.32,1.28,3.72,5,4.69,0.68,0.28,2.03,1.83,6,0,2350,31.33
4397136,Saddiq Bey,NO,SF/PF,ACTIVE,15.7,138.4,72,31.19,17.65,6.06,13.43,0.45,3.44,4.1,0.84,2.1,5.72,0.37,1.68,3.88,5.56,2.53,0.94,0.1,0.94,1.32,7,0,2350,32.64
4684742,Ausar Thompson,DET,SF/PF,ACTIVE,74.9,103.8,73,26.03,9.88,4.15,7.9,0.53,1.49,2.62,0.57,0.08,0.33,0.25,2.05,3.67,5.73,3.12,2,0.95,1.51,2.71,3,0,2347,32.15
6478,Nikola Vucevic,ORL,C,ACTIVE,75.8,117.4,64,28.42,15.08,6.16,12.48,0.49,1.2,1.45,0.83,1.56,4.23,0.37,1.95,6.44,8.39,3.33,0.61,0.64,1.33,1.98,23,0,2345,36.64
4431671,Jaden McDaniels,MIN,SF/PF,ACTIVE,77.8,99.7,73,31.74,14.85,5.71,11.08,0.52,2.01,2.41,0.84,1.41,3.42,0.41,1.04,3.21,4.25,2.73,1.11,1,1.79,3.34,0,0,2321,31.79
3934719,OG Anunoby,NY,SF/PF,ACTIVE,85.9,85.6,67,33.22,16.69,5.81,12,0.48,2.73,3.3,0.83,2.34,6.07,0.39,1.27,3.97,5.24,2.16,1.55,0.72,1.84,2.45,5,0,2314,34.54
4433287,Brandon Miller,CHA,SG/SF,DAY_TO_DAY,81.9,70.1,65,30.29,20.17,6.98,16.06,0.43,3.06,3.43,0.89,3.14,8.2,0.38,1.08,3.83,4.91,3.34,1.02,0.68,2.51,2.77,3,0,2301,35.4
4278067,Nic Claxton,CHI,C,DAY_TO_DAY,59.4,123.9,69,27.83,11.74,4.83,8.45,0.57,2.04,3.32,0.62,0.04,0.28,0.16,2.43,4.49,6.93,3.67,0.65,1.12,1.39,2.29,11,2,2301,33.35
3059319,Andrew Wiggins,MIA,SF/PF,DAY_TO_DAY,72.4,116,68,30.35,15.37,5.74,12.07,0.48,1.87,2.38,0.78,2.03,4.9,0.41,1.69,3.15,4.84,2.68,1.12,1.01,1.51,2.29,2,0,2295,33.75
4277847,Wendell Carter Jr.,ORL,C,ACTIVE,4,140.6,78,29.36,11.82,4.18,8.17,0.51,2.54,3.21,0.79,0.92,2.9,0.32,2.08,5.32,7.4,1.97,0.77,0.63,1.28,3.42,12,0,2276,29.18
4278129,Deandre Ayton,WSH,C,ACTIVE,30.7,140.3,72,27.26,12.46,5.6,8.35,0.67,1.26,1.96,0.65,0,0,0,2.57,5.42,7.99,0.82,0.57,0.97,1.15,2.18,22,0,2274,31.58
3468,Russell Westbrook,FA,PG,ACTIVE,5.7,138.8,64,28.95,15.17,5.59,13.11,0.43,1.98,2.86,0.69,2,5.92,0.34,1.25,4.19,5.44,6.66,1.3,0.19,3.27,2.3,16,6,2246,35.09
3062679,Josh Hart,NY,SG/SF,ACTIVE,84.1,99.3,66,30.24,12,4.56,8.97,0.51,1.36,1.89,0.72,1.52,3.67,0.41,1.41,5.95,7.36,4.8,1.14,0.26,1.94,2.5,13,2,2243,33.98
4433249,Moussa Diabate,CHA,PF/C,ACTIVE,5.5,140.3,73,26.03,7.88,3.14,4.97,0.63,1.59,2.41,0.66,0.01,0.03,0.5,3.74,4.96,8.7,1.93,0.77,0.99,1,2.41,20,0,2227,30.51
4684793,Kyle Filipowski,UTAH,PF/C,DAY_TO_DAY,7.1,140.3,77,23.4,11.42,4.19,8.53,0.49,2.06,2.75,0.75,0.96,2.96,0.32,1.87,5.3,7.17,2.57,0.95,0.51,1.62,3.01,13,0,2218,28.81
5144091,Jeremiah Fears,NO,PG/SG,ACTIVE,35.3,128.3,82,25.73,14.26,5.33,12.27,0.43,2.37,3,0.79,1.23,3.73,0.33,0.73,2.93,3.66,3.4,1.18,0.37,2.17,1.84,3,0,2165,26.4
4278594,Naji Marshall,DAL,SF/PF,ACTIVE,2.8,140.6,74,29.5,15.24,5.66,11.09,0.51,3.08,4.05,0.76,0.84,2.88,0.29,0.88,3.82,4.7,3.26,1.11,0.08,1.61,1.93,2,0,2150,29.05
4278104,Michael Porter Jr.,BKN,SF/PF,ACTIVE,92.3,52.8,52,32.5,24.21,8.54,18.42,0.46,3.75,4.37,0.86,3.38,9.33,0.36,1.33,5.73,7.06,3.04,1.06,0.25,2.35,2.23,12,0,2149,41.33
4433627,Keyonte George,UTAH,PG/SG,ACTIVE,79.8,75.7,54,33.07,23.61,7.44,16.31,0.46,6.24,7,0.89,2.48,6.69,0.37,0.43,3.26,3.69,6.15,1.07,0.26,3.07,2.22,4,0,2145,39.72
4065731,Jay Huff,IND,C,ACTIVE,0.6,140,82,21.01,9.55,3.55,7.45,0.48,1,1.21,0.83,1.45,4.55,0.32,0.89,3.06,3.95,1.48,0.5,1.88,0.93,2.39,1,0,2126,25.93
4395626,Tre Jones,CHI,PG,ACTIVE,5.7,140.7,65,26.97,14.06,5.25,9.49,0.55,2.94,3.49,0.84,0.63,2,0.32,0.58,2.55,3.14,5.38,1.17,0.17,1.42,1.45,5,0,2105,32.38
4278580,Sandro Mamukelashvili,LAL,PF/C,ACTIVE,1.6,140,80,21.9,11.16,4.13,7.89,0.52,1.48,1.98,0.75,1.44,3.7,0.39,1.35,3.59,4.94,1.89,0.8,0.51,0.84,1.84,3,0,2097,26.21
4066457,Austin Reaves,LAL,PG/SG,DAY_TO_DAY,96,39.6,51,34.57,23.27,7.31,14.94,0.49,6.33,7.27,0.87,2.31,6.43,0.36,0.65,4.06,4.71,5.49,1.1,0.39,2.96,2.16,6,0,2094,41.06
4592479,Julian Champagnie,SA,SF/PF,ACTIVE,19,134.1,82,27.65,11.11,3.67,8.4,0.44,1.39,1.65,0.84,2.38,6.24,0.38,0.9,4.87,5.77,1.55,0.76,0.46,0.84,1.6,7,0,2082,25.39
4898371,Maxime Raynaud,SAC,C,ACTIVE,1.6,140,74,26.59,12.46,5.18,9.07,0.57,1.78,2.27,0.79,0.32,1,0.32,1.92,5.59,7.51,1.35,0.51,0.53,1.27,2.3,18,0,2077,28.07
4395723,Keldon Johnson,SA,SF/PF,ACTIVE,7.1,139.8,82,23.29,13.18,5.05,9.72,0.52,1.88,2.37,0.79,1.21,3.33,0.36,1.67,3.7,5.37,1.35,0.56,0.13,0.85,1.98,5,0,2073,25.28
4066328,Jarrett Allen,CLE,C,ACTIVE,88,66.3,56,27.2,15.36,6.02,9.43,0.64,3.3,4.66,0.71,0.02,0.18,0.1,2.57,5.93,8.5,1.79,0.98,0.84,1.34,1.7,20,0,2069,36.95
4397002,Ayo Dosunmu,MIN,PG/SG,ACTIVE,45.8,114.9,69,27.29,14.81,5.59,10.83,0.52,1.84,2.1,0.88,1.78,4.06,0.44,0.68,2.75,3.43,3.61,0.84,0.26,1.39,1.88,2,1,2058,29.83
3133628,Myles Turner,MIL,C,ACTIVE,65.8,127.5,71,26.9,11.92,4,9.1,0.44,1.85,2.49,0.74,2.07,5.41,0.38,1.06,4.27,5.32,1.45,0.7,1.62,1.17,2.61,4,0,2034,28.65
4433083,Cam Spencer,MEM,PG/SG,ACTIVE,1.4,140.2,72,23.85,11.08,3.65,7.72,0.47,1.75,1.86,0.94,2.03,4.51,0.45,0.56,1.99,2.54,5.56,0.72,0.15,1.29,1.43,6,0,2013,27.96
4395712,Andrew Nembhard,IND,PG/SG,ACTIVE,59,130.6,57,31.33,16.95,5.84,13.21,0.44,3.39,4.11,0.82,1.88,5.19,0.36,0.44,2.37,2.81,7.67,0.89,0.14,2.4,2.21,13,0,2005,35.18
4432165,Jalen Suggs,ORL,PG/SG,DAY_TO_DAY,27.8,137.2,57,27.54,13.79,4.95,11.39,0.43,1.75,2.05,0.85,2.14,6.32,0.34,0.63,3.23,3.86,5.47,1.84,0.7,2.67,2.54,4,1,1980,34.74
2583632,Royce O'Neale,CHA,SF/PF,ACTIVE,1.8,140.7,78,28.37,9.81,3.37,8.01,0.42,0.35,0.49,0.71,2.72,6.67,0.41,0.76,4.01,4.77,2.67,1.08,0.41,1.32,2.27,2,0,1978,25.36
4431679,Precious Achiuwa,SAC,PF/C,ACTIVE,3.1,140.7,73,23.96,10.08,4.33,8.19,0.53,1.05,1.9,0.55,0.37,1.33,0.28,2.41,4.32,6.73,1.38,0.89,0.68,0.89,1.68,12,0,1970,26.99
4712849,Anthony Black,ORL,PG/SG,DAY_TO_DAY,19.5,137.3,64,29.89,14.98,5.39,12.08,0.45,2.64,3.61,0.73,1.56,4.7,0.33,0.73,3.08,3.81,3.69,1.42,0.7,2.06,2.66,2,0,1963,30.67
4278053,Davion Mitchell,MIA,PG,ACTIVE,9.1,139,70,28.57,9.34,3.73,7.61,0.49,0.6,0.93,0.65,1.29,3.26,0.39,0.46,2.21,2.67,6.47,0.97,0.16,1.54,2.59,5,0,1950,27.86
4683692,Cason Wallace,OKC,PG/SG,DAY_TO_DAY,14.3,137.5,77,26.6,8.57,3.27,7.58,0.43,0.71,0.88,0.81,1.31,3.74,0.35,0.82,2.27,3.09,2.6,1.95,0.36,0.95,2,1,0,1938,25.17
3908845,John Collins,DET,PF/C,ACTIVE,66.7,116,69,27.09,13.55,5.28,9.55,0.55,1.71,2.23,0.77,1.29,3.17,0.41,1.59,3.72,5.32,1.01,0.87,0.74,1.38,2.71,3,0,1937,28.07
4397014,Quentin Grimes,LAL,SG/SF,ACTIVE,32.6,129.1,75,29.49,13.41,4.53,10.07,0.45,2.65,3.16,0.84,1.69,5.07,0.33,0.61,3.03,3.64,3.25,0.85,0.37,1.77,2.07,2,0,1935,25.8
3032977,Giannis Antetokounmpo,MIA,PF/C,ACTIVE,99.9,5.7,36,28.86,27.58,10.36,16.61,0.62,6.44,9.92,0.65,0.42,1.25,0.33,2.72,7.06,9.78,5.44,0.94,0.67,3.19,2.39,19,0,1932,53.67
4701232,Mark Williams,PHX,C,OUT,25.3,140.1,60,23.58,11.67,4.7,7.3,0.64,2.25,2.92,0.77,0.02,0.02,1,3.08,4.87,7.95,0.97,0.92,0.92,1.08,2.2,14,0,1917,31.95
2595516,Norman Powell,CHI,SG/SF,ACTIVE,79.5,82.8,58,29.64,21.74,7.26,15.43,0.47,4.53,5.48,0.83,2.69,7.07,0.38,0.38,3.1,3.48,2.47,1.1,0.24,1.91,2.19,1,0,1912,32.97
2991139,Kris Dunn,LAC,PG/SG,ACTIVE,0.9,140.4,82,27.22,7.27,2.77,5.82,0.48,0.76,0.99,0.77,0.98,2.61,0.37,0.71,2.6,3.3,3.6,1.6,0.17,1.35,2.3,0,0,1911,23.3
4873138,Ace Bailey,UTAH,SF/PF,ACTIVE,32.8,132.6,72,27.56,13.79,5.49,12.39,0.44,0.92,1.22,0.75,1.9,5.53,0.34,1.44,2.75,4.19,1.82,0.83,0.68,1.49,2.68,1,0,1899,26.38
5160992,Alex Sarr,WSH,PF/C,DAY_TO_DAY,78,92.4,48,27.21,16.31,6.58,13.67,0.48,2.1,3.04,0.69,1.04,3.13,0.33,2.19,5.21,7.4,2.71,0.81,1.98,1.71,2.19,12,0,1892,39.42
4395625,RJ Barrett,TOR,SG/SF,ACTIVE,72.8,112.6,57,30.25,19.26,7.04,14.32,0.49,3.51,4.89,0.72,1.68,4.96,0.34,0.96,4.3,5.26,3.32,0.74,0.33,1.74,2.58,0,0,1880,32.98
3975,Stephen Curry,GS,PG,DAY_TO_DAY,99.5,28.4,43,30.95,26.56,8.7,18.58,0.47,4.74,5.14,0.92,4.42,11.26,0.39,0.4,3.19,3.58,4.72,1.14,0.4,2.81,1.74,3,0,1872,43.53
4845374,Bub Carrington,WSH,PG/SG,ACTIVE,2.6,140.7,82,27.71,10.71,3.83,9.04,0.42,0.99,1.35,0.73,2.06,5.05,0.41,0.4,2.96,3.37,4.65,0.63,0.21,2.33,2.24,0,0,1869,22.79
4683747,Jaylon Tyson,CLE,SG/SF,ACTIVE,1.9,140.5,66,26.95,13.21,5,10.15,0.49,1.2,1.62,0.74,2.02,4.52,0.45,1.79,3.33,5.12,2.23,0.82,0.42,1.5,2.48,7,0,1868,28.3
4066336,Lauri Markkanen,UTAH,SF/PF,DAY_TO_DAY,87.6,55.6,42,34.38,26.74,9.14,19.17,0.48,5.71,6.38,0.9,2.74,7.71,0.35,2,4.88,6.88,2.12,1,0.5,1.5,1.83,5,0,1865,44.4
3064482,Bobby Portis,MIA,PF/C,ACTIVE,19.8,140.1,67,24.13,13.66,5.46,11.19,0.49,0.72,1.01,0.71,2.01,4.42,0.46,1.33,5.06,6.39,1.57,0.61,0.18,0.99,1.64,11,0,1852,27.64
3995,Jrue Holiday,POR,PG/SG,ACTIVE,30.6,132.1,53,29.4,16.32,6.04,13.38,0.45,1.66,1.98,0.84,2.58,6.83,0.38,1.34,3.28,4.62,6.08,1.02,0.11,2.75,1.47,9,0,1851,34.92
4601023,Oso Ighodaro,PHX,PF,ACTIVE,16.1,136.7,82,22.07,6.48,2.91,4.46,0.65,0.65,1.43,0.45,0,0.01,0,1.68,3.41,5.1,2.26,0.89,0.7,1.23,2.66,4,0,1835,22.38
4395630,Devin Vassell,SA,SG/SF,ACTIVE,37.5,134.7,67,30.52,13.91,4.93,11.27,0.44,1.58,1.94,0.82,2.48,6.45,0.38,0.58,3.43,4.01,2.49,0.85,0.37,0.9,1.58,1,0,1832,27.34
4277811,Collin Sexton,LAL,PG/SG,DAY_TO_DAY,27,132.4,68,23.72,15.44,5.29,10.91,0.49,3.21,3.75,0.85,1.65,4.1,0.4,0.6,1.68,2.28,3.28,1.12,0.15,2.07,2.12,1,0,1810,26.62
6589,Draymond Green,GS,PF/C,DAY_TO_DAY,38,135.1,68,27.5,8.38,3.01,7.22,0.42,0.87,1.24,0.7,1.49,4.56,0.33,0.81,4.71,5.51,5.53,0.9,0.62,2.66,2.9,2,0,1803,26.51
4592691,Jake LaRavia,LAL,SF/PF,ACTIVE,5.2,140.2,82,25.17,8.22,2.93,6.38,0.46,1.41,1.85,0.76,0.95,2.96,0.32,1.41,2.56,3.98,1.77,1.27,0.46,1.06,2.39,1,0,1802,21.98
5037871,Dylan Harper,SA,PG/SG,ACTIVE,82.6,80.7,69,22.59,11.78,4.8,9.51,0.5,1.3,1.72,0.76,0.88,2.58,0.34,0.78,2.61,3.39,3.86,0.78,0.35,1.43,2.01,0,0,1785,25.87
3157465,Duncan Robinson,DET,SG/SF,ACTIVE,3,140.5,77,27.44,12.19,4.13,9.06,0.46,1.08,1.43,0.75,2.86,6.96,0.41,0.38,2.29,2.66,2.06,0.57,0.29,0.7,2.18,0,0,1778,23.09
6440,Tobias Harris,SA,SF/PF,DAY_TO_DAY,60.2,121.8,63,27.76,13.27,4.9,10.46,0.47,2.16,2.49,0.87,1.3,3.54,0.37,0.87,4.25,5.13,2.49,0.92,0.41,1,1.7,3,0,1767,28.05
3059318,Joel Embiid,PHI,C,DAY_TO_DAY,92.6,65.3,38,31.5,26.87,8.97,18.34,0.49,7.53,8.82,0.85,1.39,4.18,0.33,1.97,5.74,7.71,3.95,0.55,1.21,2.87,2.16,10,1,1764,46.42
5105839,Brice Sensabaugh,UTAH,SG/SF,DAY_TO_DAY,3.1,140.5,75,23.51,14.88,5.25,11.43,0.46,2.21,2.68,0.83,2.16,5.89,0.37,0.75,2.33,3.08,1.91,0.72,0.16,1.65,1.91,0,0,1763,23.51
5106060,Jarace Walker,IND,SF/PF,ACTIVE,0.6,140.1,76,25.74,11.63,4.04,9.64,0.42,1.8,2.41,0.75,1.75,4.68,0.37,0.64,4.5,5.14,2.53,0.83,0.34,1.83,1.63,3,0,1763,23.2
3146557,Jock Landale,ATL,C,ACTIVE,0.2,140,68,22.19,10.56,4.15,8.06,0.51,1.18,1.85,0.63,1.09,2.84,0.38,2.69,3,5.69,1.69,0.51,0.53,0.88,2.21,9,0,1753,25.78
4683766,Isaiah Collier,UTAH,PG,ACTIVE,6,140.7,59,25.73,11.66,4.32,8.73,0.5,2.56,3.54,0.72,0.46,1.69,0.27,0.36,2.19,2.54,7.17,1.12,0.34,2.51,2.34,10,0,1747,29.61
2528210,Tim Hardaway Jr.,MIA,SG/SF,ACTIVE,4.2,140.2,80,26.65,13.49,4.35,9.74,0.45,1.99,2.45,0.81,2.8,6.88,0.41,0.21,2.36,2.58,1.35,0.53,0.13,0.54,1.25,0,0,1744,21.8
4017837,Ivica Zubac,IND,C,ACTIVE,84,94.6,48,30.21,14.1,6,10.04,0.6,2.1,2.96,0.71,0,0,0,3.38,7.23,10.6,2.19,0.38,0.83,1.79,2.33,24,0,1743,36.31
4903027,Cedric Coward,MEM,SG/SF,ACTIVE,32.8,127.8,62,25.84,13.6,4.92,10.45,0.47,2.26,2.68,0.84,1.5,4.44,0.34,1.34,4.53,5.87,2.76,0.65,0.44,1.69,2.03,7,0,1740,28.06
4278402,Jordan Goodwin,PHX,PG/SG,ACTIVE,0.1,140,70,22.51,8.7,3.27,7.93,0.41,0.56,0.8,0.7,1.6,4.31,0.37,1.97,2.9,4.87,2.16,1.51,0.2,0.97,1.9,2,0,1738,24.83
4277961,Jaren Jackson Jr.,UTAH,PF/C,ACTIVE,82.1,87.8,48,30.33,19.4,7.13,14.98,0.48,3.4,4.23,0.8,1.75,4.9,0.36,0.88,4.79,5.67,1.96,1.1,1.44,2.23,3.73,3,0,1725,35.94
3134907,Kyle Kuzma,MIL,SF/PF,ACTIVE,4.5,140.4,69,26.23,12.99,4.91,9.99,0.49,1.96,2.7,0.73,1.2,3.46,0.35,0.83,3.71,4.54,2.67,0.67,0.41,1.72,1.94,4,0,1725,25
4278078,P.J. Washington,DAL,SF/PF,ACTIVE,9.2,139.9,56,30.93,14.16,5.29,11.75,0.45,2.23,3.25,0.69,1.36,4.18,0.32,1.5,5.54,7.04,1.75,0.98,1.07,1.68,2.13,8,0,1716,30.64
4576060,Ryan Kalkbrenner,CHA,C,ACTIVE,1.7,140.7,69,21.45,7.55,3.17,4.22,0.75,1.2,1.68,0.72,0,0.07,0,2.42,3.04,5.46,0.78,0.46,1.46,0.9,1.55,3,0,1704,24.7
4432582,Max Christie,DAL,SG,ACTIVE,2,140.7,77,29.13,12.27,4.16,9.42,0.44,1.62,1.81,0.9,2.34,5.79,0.4,0.19,3.04,3.23,1.96,0.61,0.35,1.25,1.27,0,0,1696,22.03
4351852,Mitchell Robinson,BOS,C,ACTIVE,14.7,136.8,60,19.6,5.67,2.48,3.43,0.72,0.7,1.72,0.41,0,0,0,4.2,4.55,8.75,0.87,0.93,1.17,0.68,2.12,6,0,1692,28.2
3064560,Luke Kornet,SA,C,ACTIVE,1.3,139.9,68,21,6.53,2.57,4,0.64,1.38,1.68,0.82,0,0,0,2.66,3.43,6.09,1.85,0.47,0.96,0.41,1.76,3,0,1690,24.85
4397140,Kevin Porter Jr.,MIL,PG/SG,ACTIVE,69.5,115,38,33.18,17.39,6.29,13.53,0.46,3.61,4.11,0.88,1.21,3.76,0.32,0.89,4.32,5.21,7.37,2.18,0.5,2.89,2.32,10,2,1674,44.05
4432241,Jamal Shead,TOR,PG,ACTIVE,1.9,140.7,82,22.52,6.65,2.26,6.15,0.37,1.11,1.41,0.78,1.02,3.2,0.32,0.32,1.43,1.74,5.41,0.93,0.18,1.37,1.98,2,0,1673,20.4
4432907,Justin Champagnie,WSH,SF/PF,ACTIVE,0.2,140,69,19.96,8.65,3.36,6.7,0.5,1.16,1.48,0.78,0.77,2.41,0.32,2.1,3.46,5.57,1.22,0.86,0.62,0.65,1.65,4,0,1657,24.01
4601025,Pelle Larsson,MIA,SG/SF,DAY_TO_DAY,1.2,140,70,26.46,11.43,3.96,7.99,0.5,2.63,3.3,0.8,0.89,2.74,0.32,0.99,2.5,3.49,3.37,0.7,0.23,1.44,2.11,1,0,1656,23.66
4065670,Bruce Brown,NY,SG/SF,ACTIVE,0.2,140.1,82,24.34,7.91,3.02,6.37,0.48,1.17,1.54,0.76,0.7,1.8,0.39,1.04,2.84,3.88,2.12,1.04,0.24,1.11,2.38,1,0,1642,20.02
2991070,Jerami Grant,MEM,PF,ACTIVE,11.3,139.4,57,29.77,18.6,5.81,12.81,0.45,4.6,5.65,0.81,2.39,6.14,0.39,0.96,2.53,3.49,2.14,0.74,0.63,2.09,2.49,0,0,1640,28.77
4900671,Ajay Mitchell,OKC,PG/SG,ACTIVE,5.5,139.7,57,25.81,13.58,5.02,10.35,0.48,2.47,2.84,0.87,1.07,3.09,0.35,0.7,2.63,3.33,3.61,1.25,0.32,1.42,2.09,1,0,1635,28.68
4702382,Tristan da Silva,ORL,SF/PF,ACTIVE,0.6,140.3,77,24.69,9.9,3.62,8.05,0.45,1.09,1.23,0.88,1.56,4.17,0.37,0.75,2.94,3.69,1.61,0.88,0.32,0.9,1.52,0,0,1633,21.21
4432194,Day'Ron Sharpe,BKN,C,ACTIVE,8,139.1,62,18.69,8.71,3.45,5.74,0.6,1.66,2.45,0.68,0.15,0.63,0.23,2.76,3.9,6.66,2.34,1.08,0.42,1.71,2.37,5,0,1621,26.15
3155526,Dillon Brooks,PHX,SG/SF,ACTIVE,27.4,132.5,56,30.39,20.2,7.45,17.13,0.43,3.04,3.61,0.84,2.27,6.59,0.34,0.77,2.86,3.63,1.77,1.02,0.16,1.75,3.27,0,0,1613,28.8
4397040,Brandon Williams,GS,PG/SG,ACTIVE,0.3,140,66,22.18,13.02,4.41,9.35,0.47,3.65,4.61,0.79,0.55,2.35,0.23,0.45,2.44,2.89,3.88,0.94,0.3,1.89,1.56,1,0,1611,24.41
4576087,Peyton Watson,CLE,SF/PF,DAY_TO_DAY,36.1,126.2,54,29.56,14.61,5.28,10.76,0.49,2.56,3.5,0.73,1.5,3.65,0.41,0.91,3.98,4.89,2.06,0.93,1.13,1.72,2.52,2,0,1607,29.76
3032979,Dennis Schroder,CHA,PG,ACTIVE,3.9,140.7,70,24.2,10.8,3.64,8.99,0.41,2.44,2.93,0.83,1.07,3.26,0.33,0.47,2.23,2.7,4.87,0.79,0.16,1.77,1.56,3,0,1607,22.96
4222252,Isaiah Hartenstein,OKC,C,DAY_TO_DAY,42,133.2,47,24.3,9.19,3.91,6.3,0.62,1.36,2.23,0.61,0,0.15,0,3.17,6.26,9.43,3.53,1.02,0.77,1.74,2.51,11,1,1598,34
4066372,Kevin Huerter,DET,SG/SF,ACTIVE,1.4,140.5,69,22.49,10.04,3.9,8.64,0.45,0.8,1.03,0.77,1.45,4.71,0.31,0.49,2.99,3.48,2.58,0.91,0.48,1.04,1.67,1,0,1592,23.07
3135045,Grayson Allen,CHA,PG/SG,ACTIVE,6.6,140.6,51,28.8,16.49,5.27,13.08,0.4,2.82,3.29,0.86,3.12,8.92,0.35,0.73,2.31,3.04,3.82,1.35,0.25,1.63,2.29,0,0,1591,31.2
4396907,Darius Garland,LAC,PG,ACTIVE,88.5,49.7,45,29.82,18.78,6.87,14.93,0.46,2.33,2.71,0.86,2.71,6.84,0.4,0.4,1.98,2.38,6.69,0.96,0.18,2.89,1.87,7,0,1588,35.29
6430,Jimmy Butler III,GS,SG/SF,OUT,52.9,136.9,38,31.18,20,6.32,12.16,0.52,6.53,7.55,0.86,0.84,2.24,0.38,2.32,3.24,5.55,4.87,1.45,0.21,1.58,1.21,3,0,1581,41.61
3448,Brook Lopez,LAC,C,ACTIVE,7.5,139.3,75,21.8,8.45,3.09,7.23,0.43,0.75,0.99,0.76,1.52,4.23,0.36,0.63,3.01,3.64,1.29,0.6,1.16,0.81,2.05,1,0,1575,21
4065804,Sam Hauser,BOS,SF/PF,ACTIVE,1.9,140.4,78,24.78,9.22,3.23,7.71,0.42,0.22,0.26,0.85,2.54,6.46,0.39,0.72,3.13,3.85,1.46,0.49,0.29,0.45,1.45,0,0,1575,20.19
4066211,Robert Williams III,POR,C,ACTIVE,1.5,140.6,59,17.1,6.73,3,4.24,0.71,0.58,0.97,0.6,0.15,0.39,0.39,2.39,4.63,7.02,1.02,0.59,1.47,0.83,1.25,5,0,1567,26.56
4277848,Marvin Bagley III,DEN,PF/C,ACTIVE,0.7,140.4,60,20.05,10.45,4.23,6.85,0.62,1.58,2.4,0.66,0.4,0.87,0.46,2.5,3.6,6.1,1.42,0.47,0.72,1.02,2.05,6,0,1565,26.08
4870562,Dominick Barlow,PHI,PF/C,DAY_TO_DAY,0.4,139.9,71,23.73,7.68,3.03,5.62,0.54,1.32,1.85,0.72,0.3,1.14,0.26,1.87,2.92,4.79,1.23,0.89,0.75,0.79,2.11,2,0,1565,22.04
4914336,Shaedon Sharpe,POR,SG/SF,OUT,28.5,140.1,50,29.42,20.84,7.84,17.36,0.45,3.1,3.94,0.79,2.06,6.12,0.34,1.02,3.32,4.34,2.64,1.4,0.12,2.94,1.96,0,0,1561,31.22
6585,Andre Drummond,NY,C,ACTIVE,1.4,140.1,63,19.6,6.4,2.52,5.35,0.47,0.84,1.33,0.63,0.51,1.43,0.36,3.17,5.27,8.44,1.27,0.6,0.78,0.97,1.98,17,0,1554,24.67
4278049,Daniel Gafford,DAL,C,ACTIVE,29.6,136.3,55,21.67,9.53,3.76,5.75,0.66,2,2.93,0.68,0,0,0,2.51,4.36,6.87,1.05,0.76,1.25,1.15,2.62,10,0,1551,28.2
5174563,Kyshawn George,WSH,SG/SF,ACTIVE,25.9,134.8,48,28.94,14.79,5.27,12.02,0.44,2.19,2.73,0.8,2.06,5.42,0.38,0.9,4.21,5.1,4.46,1,0.9,2.6,3.52,3,0,1551,32.31
4433192,Tari Eason,HOU,SF/PF,ACTIVE,11.6,140.5,60,25.9,10.45,4.02,9.67,0.42,0.87,1.12,0.78,1.55,4.33,0.36,2.07,4.18,6.25,1.5,1.2,0.47,1.35,2.3,6,0,1542,25.7
6578,Harrison Barnes,SA,SF/PF,ACTIVE,1,140.2,77,25.83,9.96,3.42,7.48,0.46,1.32,1.6,0.83,1.81,4.65,0.39,0.82,1.96,2.78,1.92,0.65,0.16,0.79,1.1,0,0,1534,19.92
5104155,Bilal Coulibaly,WSH,SG/SF,ACTIVE,2.6,140.6,56,26.23,11.73,4.11,9.66,0.43,2.36,3.16,0.75,1.16,3.64,0.32,0.86,3.48,4.34,2.59,1.34,0.96,1.45,2.32,0,0,1531,27.34
4397475,AJ Green,MIL,SG,ACTIVE,0.8,140.2,78,29.14,10.37,3.36,7.92,0.42,0.68,0.79,0.85,2.97,7.1,0.42,0.37,2.36,2.73,1.95,0.5,0.1,0.96,2.29,0,0,1522,19.51
3102530,Jusuf Nurkic,UTAH,C,DAY_TO_DAY,8.7,140.2,41,26.44,10.9,4.39,8.73,0.5,1.51,2.76,0.55,0.61,1.73,0.35,2.59,7.78,10.37,4.78,1.27,0.54,2.46,3.27,16,3,1506,36.73
4278562,Paul Reed,DET,PF/C,ACTIVE,1,140.2,65,13.83,7.75,3.22,5.22,0.62,1.12,1.69,0.66,0.2,0.62,0.33,2,2.52,4.52,1.23,0.88,0.92,0.89,1.85,3,0,1504,23.14
5112087,Jaylen Wells,MEM,SG/SF,ACTIVE,1,140.4,69,26.39,12.54,4.36,10.12,0.43,1.94,2.48,0.78,1.87,5.29,0.35,0.88,2.3,3.19,1.61,0.88,0.13,1.07,2.14,0,0,1496,21.68
3913174,Luke Kennard,PHX,SG,ACTIVE,1.2,140.3,78,21.56,8.36,3.03,5.68,0.53,0.81,0.88,0.91,1.5,3.14,0.48,0.41,1.92,2.33,2.23,0.71,0.1,0.77,1.29,1,1,1495,19.17
4683634,Bennedict Mathurin,NO,SG/SF,ACTIVE,25.1,139.9,54,29.96,17.57,5.39,12.54,0.43,5.41,6.22,0.87,1.39,4.41,0.32,1.02,4.41,5.43,2.39,0.8,0.24,2.19,2.54,3,0,1488,27.56
4432171,Moses Moody,GS,SG/SF,OUT,0.6,140,60,25.68,12.13,4.08,9.28,0.44,1.45,1.88,0.77,2.52,6.28,0.4,0.85,2.48,3.33,1.63,0.97,0.57,0.95,2.03,0,0,1487,24.78
5061589,Yves Missi,NO,C,ACTIVE,2.8,140.8,66,19.62,5.71,2.42,4.45,0.54,0.86,1.55,0.56,0,0.02,0,2.77,3.06,5.83,1.27,0.3,1.53,0.82,1.71,5,0,1485,22.5
3134903,Gary Payton II,GS,SG,DAY_TO_DAY,0.4,140.1,73,15.64,7.49,3.32,5.68,0.58,0.36,0.55,0.65,0.51,1.74,0.29,1.38,2.25,3.63,1.68,0.92,0.29,0.85,1.81,2,0,1485,20.34
4712896,Noah Clowney,BKN,PF,ACTIVE,0.4,140.1,66,27,12.26,3.79,9.56,0.4,2.73,3.39,0.8,1.95,5.94,0.33,0.79,3.35,4.14,1.64,0.76,0.68,1.55,2.55,1,0,1483,22.47
5107199,Daniss Jenkins,DET,PG,ACTIVE,0.4,140,72,20.18,9.32,3.22,7.89,0.41,1.86,2.24,0.83,1.01,2.71,0.37,0.71,1.6,2.31,3.86,0.89,0.21,1.6,1.49,3,0,1481,20.57
4997536,Gui Santos,GS,SF,DAY_TO_DAY,1.2,140.4,68,20.56,9.19,3.38,6.76,0.5,1.28,1.76,0.72,1.15,3.26,0.35,1.1,2.81,3.91,2.34,0.9,0.32,1.5,2.09,3,0,1466,21.56
4683771,Ronald Holland II,DET,SF/PF,ACTIVE,0.8,140.2,78,19.79,8.21,3.01,6.97,0.43,1.54,1.91,0.81,0.64,2.54,0.25,1.06,2.97,4.04,1.22,1.18,0.35,1.23,2.35,2,0,1465,18.78
5093267,Collin Murray-Boyles,TOR,PF,ACTIVE,7.3,139.4,57,21.84,8.49,3.47,6,0.58,1.25,1.89,0.66,0.3,0.88,0.34,2.33,2.67,5,1.86,0.91,0.93,1.04,2.58,4,0,1462,25.65
4395702,Isaiah Joe,DET,SG,ACTIVE,1.3,140.4,71,21.21,11.06,3.48,7.65,0.45,1.55,1.73,0.89,2.55,6.03,0.42,0.46,2.08,2.55,1.32,0.7,0.15,0.63,1.7,0,0,1460,20.56
4432810,Isaiah Stewart,MEM,PF/C,DAY_TO_DAY,3.4,140.6,58,22.66,10.02,3.81,6.93,0.55,1.71,2.26,0.76,0.69,2.07,0.33,1.66,3.34,5,1.14,0.28,1.6,1.16,2.86,2,0,1455,25.09
4702384,Nique Clifford,SAC,SG/SF,ACTIVE,1.2,140.4,75,25.09,8.6,3.32,7.95,0.42,0.93,1.29,0.72,1.03,3.08,0.33,0.87,2.89,3.76,2.39,0.91,0.32,1.55,2.08,0,0,1438,19.17
2530530,T.J. McConnell,IND,PG,DAY_TO_DAY,26.1,140.6,56,17.18,9.38,4.32,8.04,0.54,0.45,0.52,0.86,0.29,0.89,0.32,0.39,1.82,2.21,5.13,1,0.18,1.14,1.11,1,0,1430,25.54
4066648,Rui Hachimura,LAC,SF/PF,ACTIVE,10.8,138.8,68,28.34,11.47,4.51,8.78,0.51,0.74,1.06,0.69,1.71,3.85,0.44,0.6,2.72,3.32,0.82,0.57,0.31,0.62,1.62,1,0,1429,21.01
3133603,Kelly Oubre Jr.,IND,SG/SF,ACTIVE,8.2,140.2,50,31.5,14.1,5.08,10.88,0.47,2.22,2.9,0.77,1.72,4.78,0.36,1,4.04,5.04,1.6,1.36,0.48,1.38,2.54,5,0,1428,28.56
2596112,Javonte Green,DET,SF,ACTIVE,0.1,140,82,17.62,6.94,2.26,5.05,0.45,1.28,1.52,0.84,1.15,3.01,0.38,0.76,2.05,2.8,0.68,1.24,0.3,0.55,1.3,1,0,1424,17.37
5211175,Zaccharie Risacher,DAL,SF,ACTIVE,2.5,140.5,67,22.42,9.57,3.64,8,0.46,0.87,1.34,0.64,1.42,3.85,0.37,1.06,2.78,3.84,1.13,0.88,0.54,0.87,2.19,0,0,1400,20.9
3138196,Cameron Johnson,DEN,SF/PF,ACTIVE,7.1,140.2,54,30.52,12.22,4.22,8.8,0.48,1.74,2.07,0.84,2.04,4.74,0.43,0.8,3.02,3.81,2.44,0.74,0.39,0.87,2.31,1,0,1399,25.91
3134908,Jakob Poeltl,TOR,C,ACTIVE,59.9,127.1,46,25,10.72,4.72,6.74,0.7,1.28,2.13,0.6,0,0,0,2.48,4.54,7.02,2.02,0.87,0.7,1.24,3.15,7,0,1396,30.35
4593125,Santi Aldama,DAL,SF/PF,DAY_TO_DAY,17.8,140.8,43,27.84,14,5.3,11.07,0.48,1.77,2.65,0.67,1.63,4.65,0.35,1.56,5.12,6.67,2.91,0.86,0.72,1.28,1.6,5,0,1395,32.44
2990992,Marcus Smart,HOU,PG/SG,ACTIVE,1.4,140.2,62,28.53,9.34,3.03,7.68,0.39,1.71,2.08,0.82,1.56,4.73,0.33,0.58,2.19,2.77,3,1.4,0.37,1.48,2.61,0,0,1389,22.4
4432823,Jaylin Williams,OKC,PF/C,DAY_TO_DAY,2.1,139.9,65,19.68,7.22,2.29,5.42,0.42,1.12,1.42,0.79,1.51,3.94,0.38,0.49,5.02,5.51,2.43,0.48,0.65,1.03,1.95,6,0,1376,21.17
4066262,Malik Monk,SAC,PG/SG,DAY_TO_DAY,29.2,139.6,62,21.98,12.45,4.47,10.19,0.44,1.52,1.73,0.88,2,5.06,0.39,0.24,1.65,1.89,2.98,0.6,0.39,1.47,1.6,0,0,1369,22.08
4348700,Goga Bitadze,ORL,C,ACTIVE,0.3,140.1,64,15.16,5.86,2.38,3.52,0.68,1.08,1.52,0.71,0.03,0.17,0.18,2.14,2.86,5,1.31,0.58,0.95,0.67,2.13,3,0,1368,21.38
5144126,Will Riley,WSH,SF,ACTIVE,0.4,140,74,22.04,10.32,3.66,8.35,0.44,1.95,2.43,0.8,1.05,3.34,0.32,0.76,2.11,2.86,1.97,0.73,0.12,1.27,1.23,2,0,1360,18.38
4397189,Jalen Smith,CHI,PF/C,ACTIVE,1.2,140.3,53,20.64,10.21,3.68,7.62,0.48,1.3,1.75,0.74,1.55,4.15,0.37,1.85,4.85,6.7,1.23,0.45,0.79,1,2.09,9,0,1353,25.53
4277951,Luka Garza,BOS,C,ACTIVE,0.1,140,69,16.13,8.07,2.99,5.17,0.58,1.3,1.7,0.77,0.8,1.84,0.43,2.26,1.81,4.07,0.96,0.39,0.41,0.67,2.33,2,0,1343,19.46
4277869,Jose Alvarado,NY,PG,DAY_TO_DAY,1.9,140,69,19.87,7.39,2.71,6.51,0.42,0.51,0.67,0.76,1.46,4.16,0.35,0.38,2.1,2.48,3.39,0.96,0.12,1.12,1.87,1,0,1335,19.35
4397077,Jaxson Hayes,UTAH,C,ACTIVE,0.3,140,66,18.32,7.53,3,3.97,0.76,1.48,2.27,0.65,0.05,0.05,1,1.5,2.61,4.11,0.89,0.44,0.79,0.47,1.92,1,0,1335,20.23
4251,Paul George,BOS,SF/PF,ACTIVE,77.7,105,37,30.59,17.32,6.08,13.86,0.44,2.46,3,0.82,2.7,6.89,0.39,0.54,4.78,5.32,3.59,1.68,0.43,1.73,2.27,2,0,1331,35.97
4066993,Dru Smith,MIA,PG,DAY_TO_DAY,0.1,140,70,16.37,5.64,1.93,4.64,0.42,1.24,1.5,0.83,0.54,1.84,0.29,0.89,1.59,2.47,2.57,1.43,0.3,0.79,1.56,0,0,1329,18.99
4395651,Coby White,CHA,PG/SG,DAY_TO_DAY,80.1,99.5,50,24.98,17.36,5.56,12.46,0.45,3.94,4.82,0.82,2.3,6.36,0.36,0.34,3.06,3.4,4,0.5,0.1,2.56,2.22,1,0,1326,26.52
4277813,Herbert Jones,NO,SF/PF,ACTIVE,2.3,140.4,56,28.38,8.86,3.27,8.54,0.38,0.89,1.11,0.81,1.43,4.63,0.31,0.84,2.55,3.39,2.77,1.57,0.48,1.3,3.16,0,0,1313,23.45
6475,Klay Thompson,MIA,SG/SF,ACTIVE,16.7,138,69,21.65,11.74,4.14,10.55,0.39,0.52,0.68,0.77,2.93,7.64,0.38,0.26,1.81,2.07,1.39,0.48,0.32,0.91,1.01,0,0,1292,18.72
4397020,Luguentz Dort,ATL,SG/SF,DAY_TO_DAY,2.7,140.4,69,26.83,8.35,2.93,7.59,0.39,0.64,0.84,0.76,1.86,5.39,0.34,0.81,2.74,3.55,1.23,0.9,0.39,0.78,2.59,0,0,1289,18.68
4592492,Bones Hyland,MIN,PG,ACTIVE,0.6,140,71,16.61,8.51,2.99,6.59,0.45,0.9,1.15,0.78,1.63,4.21,0.39,0.32,1.46,1.79,2.65,0.62,0.24,0.99,1.69,0,0,1288,18.14
5105550,GG Jackson,MEM,PF,ACTIVE,1.7,140.6,55,21.42,12.47,4.64,9.35,0.5,2.04,2.75,0.74,1.16,3.51,0.33,0.89,3.38,4.27,1.47,0.56,0.8,1.55,1.36,1,0,1286,23.38
4351851,Anfernee Simons,PHI,PG/SG,DAY_TO_DAY,33.8,140.2,55,24.93,14.27,5.18,11.78,0.44,1.25,1.4,0.9,2.65,6.89,0.39,0.56,1.89,2.45,2.44,0.49,0.15,1.24,1.71,0,0,1283,23.33
4684272,Ja'Kobe Walter,TOR,SG,ACTIVE,0.6,140.2,72,20.44,7.51,2.5,5.61,0.45,0.99,1.25,0.79,1.53,3.74,0.41,0.78,1.79,2.57,1.19,1.01,0.19,0.51,2.25,0,0,1275,17.71
6477,Jonas Valanciunas,FA,C,ACTIVE,0.4,140,65,13.4,8.72,3.49,6,0.58,1.62,2.09,0.77,0.12,0.4,0.31,1.62,3.45,5.06,1.2,0.22,0.57,1.12,2.05,5,0,1271,19.55
4066757,Sam Merrill,CLE,SG,ACTIVE,0.6,140.2,52,26.48,12.75,4.29,9.31,0.46,1.13,1.33,0.86,3.04,7.21,0.42,0.54,2.02,2.56,2.4,0.63,0.13,0.81,2.44,1,0,1263,24.29
4397183,Aaron Wiggins,ATL,SG/SF,DAY_TO_DAY,2,140.4,65,21.8,9.4,3.55,8.25,0.43,0.82,1.11,0.74,1.48,4.15,0.36,0.63,2.43,3.06,1.68,0.92,0.43,1.25,1.28,0,0,1262,19.42
4702177,Keon Ellis,BKN,SG/SF,ACTIVE,0.9,140.3,72,20.5,6.67,2.35,5.33,0.44,0.71,0.97,0.73,1.26,3.49,0.36,0.53,1.35,1.88,1,1.15,0.64,0.57,1.86,0,0,1257,17.46
4701233,Craig Porter Jr.,CLE,PG/SG,ACTIVE,0.1,140,64,17.92,4.52,1.81,4.03,0.45,0.38,0.63,0.6,0.52,1.45,0.35,1.33,2.11,3.44,3.2,0.89,0.59,0.92,1.09,0,0,1257,19.64
4888725,Ryan Dunn,PHX,SF/PF,ACTIVE,0.6,140.3,70,19.37,5.81,2.34,5.17,0.45,0.33,0.67,0.49,0.8,2.41,0.33,1.41,2.83,4.24,1.46,0.86,0.41,0.8,1.86,2,0,1255,17.93
4895758,Cody Williams,MIN,SG,ACTIVE,0.3,140.1,67,24.31,8.78,3.55,7.6,0.47,1.25,1.78,0.71,0.42,1.96,0.21,0.91,2.04,2.96,2.04,0.76,0.39,1.09,1.82,2,0,1249,18.64
4432822,Isaac Okoro,CHI,SG/SF,ACTIVE,0.2,140.1,63,26.94,9.27,3.35,7.29,0.46,1.41,1.78,0.79,1.16,3.51,0.33,1.1,1.65,2.75,1.59,0.73,0.46,0.73,2.57,0,0,1247,19.79
4896372,Walter Clayton Jr.,MEM,PG/SG,ACTIVE,1.1,140.4,69,20.45,7.8,2.57,6.68,0.38,1.58,1.75,0.9,1.09,3.54,0.31,0.36,1.65,2.01,4.04,0.64,0.28,1.68,1.72,1,0,1239,17.96
3134932,John Konchar,FA,SG,ACTIVE,0.1,140,56,19.93,4.43,1.68,3.55,0.47,0.57,0.79,0.73,0.5,1.77,0.28,1.32,2.96,4.29,2.11,1.48,0.68,0.63,1.41,3,2,1238,22.11
4602025,Sion James,CHA,SF,ACTIVE,0.1,140,82,22.44,5.38,1.68,4.54,0.37,1,1.2,0.84,1.01,2.88,0.35,0.6,2.9,3.5,1.99,0.63,0.24,0.8,1.8,0,0,1230,15
6609,Khris Middleton,WSH,SF/PF,ACTIVE,0.8,140.1,63,22.83,10.16,3.6,8.57,0.42,1.89,2.16,0.88,1.06,2.95,0.36,0.81,2.86,3.67,2.79,0.65,0.14,1.71,2.29,2,0,1228,19.49
4396818,Jordan Miller,LAC,SF,OUT,0.1,140,60,22.03,9.97,3.53,6.65,0.53,2.27,2.92,0.78,0.63,1.83,0.35,0.83,2.2,3.03,2.27,0.75,0.18,1.05,1.03,1,0,1227,20.45
3936099,Derrick Jones Jr.,LAC,SF/PF,ACTIVE,0.8,140.4,50,26.94,10.08,3.78,7.58,0.5,1.42,1.86,0.76,1.1,3.06,0.36,1.22,2.24,3.46,1.38,0.9,1,0.8,2.08,1,0,1211,24.22
4066436,De'Anthony Melton,GS,PG/SG,DAY_TO_DAY,1.4,140.5,49,23,12.29,4.39,10.78,0.41,2.04,2.47,0.83,1.47,5,0.29,0.8,2.43,3.22,2.55,1.57,0.41,1.86,1.86,0,0,1208,24.65
4593016,Quinten Post,MEM,PF/C,ACTIVE,0.1,140,67,17.33,7.66,2.88,6.55,0.44,0.51,0.64,0.79,1.39,4.13,0.34,1.01,3,4.01,1.4,0.39,0.52,0.84,1.87,0,0,1201,17.93
4566434,Franz Wagner,ORL,SF/PF,ACTIVE,88.8,71.1,34,29.97,20.56,7.18,14.91,0.48,4.79,5.82,0.82,1.41,4.09,0.35,1.26,3.94,5.21,3.32,0.94,0.32,1.71,2.12,0,0,1195,35.15
3907823,Terance Mann,BKN,SG/SF,ACTIVE,0.4,140.3,63,24.3,7.22,2.67,5.83,0.46,1,1.27,0.79,0.89,2.43,0.37,1.11,2.06,3.17,3.02,0.65,0.24,1.13,2.46,0,0,1195,18.97
5238230,Tre Johnson,WSH,SG,ACTIVE,1.8,140.3,60,23.97,12.22,4.52,10.78,0.42,1.27,1.45,0.87,1.92,5.35,0.36,0.48,2.35,2.83,2.03,0.55,0.3,1.55,2.03,0,0,1193,19.88
5105637,Adem Bona,PHI,C,DAY_TO_DAY,0.6,139.9,71,17.39,4.85,1.85,3.1,0.6,1.13,1.59,0.71,0.03,0.08,0.33,1.8,2.52,4.32,0.45,0.42,1.15,0.79,2.15,1,0,1193,16.8
4395725,Tyler Herro,MIL,PG/SG,ACTIVE,85.3,67.1,33,31.18,20.52,7.48,15.61,0.48,3,3.27,0.92,2.55,6.73,0.38,0.42,4.36,4.79,4.12,0.7,0.36,1.94,1.88,0,0,1187,35.97
3102529,Clint Capela,HOU,C,ACTIVE,0.6,140.1,75,12.33,3.76,1.57,3.03,0.52,0.6,1.04,0.58,0.01,0.03,0.5,2.13,2.47,4.6,0.67,0.48,0.84,0.55,0.99,1,0,1181,15.75
4578893,Vit Krejci,POR,PG,ACTIVE,0.5,140.4,65,21.37,8.46,2.95,6.6,0.45,0.58,0.78,0.75,1.97,5.05,0.39,0.48,1.8,2.28,1.54,0.72,0.28,0.63,2.12,0,0,1177,18.11
4712863,Mouhamed Gueye,ATL,PF,DAY_TO_DAY,0.2,140.1,77,15.3,4.44,1.7,3.77,0.45,0.52,0.81,0.65,0.52,1.69,0.31,1.16,2.42,3.57,0.9,0.79,0.51,0.43,1.65,3,0,1177,15.29
4592714,Pat Spencer,PHX,PG/SG,ACTIVE,0.1,140,66,18.56,7.21,2.82,6.61,0.43,0.67,0.86,0.77,0.91,2.55,0.36,0.77,1.62,2.39,3.52,0.73,0.08,1.29,1.14,1,0,1177,17.83
3899664,Simone Fontecchio,MIA,SF,ACTIVE,0.2,140.1,70,16.81,8.53,2.77,6.73,0.41,1.23,1.46,0.84,1.76,4.69,0.38,0.8,2.21,3.01,1.44,0.53,0.13,0.7,1.49,0,0,1176,16.8
4433174,Dylan Cardwell,SAC,C,ACTIVE,0.2,140,44,20.7,5.41,2.39,4.07,0.59,0.59,1.16,0.51,0.05,0.09,0.5,3.36,4.2,7.57,1.41,0.68,1.52,0.89,3.66,3,0,1170,26.59
5107173,Danny Wolf,BKN,PF/C,ACTIVE,1.3,140.5,57,20.91,8.91,3.12,7.72,0.4,1.47,1.91,0.77,1.19,3.7,0.32,1,3.93,4.93,2.23,0.53,0.56,1.28,2.21,2,0,1167,20.47
4593803,Jalen Williams,OKC,SF/PF,DAY_TO_DAY,98.1,37.7,33,28.39,17.06,6.55,13.52,0.48,3.27,3.91,0.84,0.7,2.33,0.3,0.82,3.82,4.64,5.48,1.18,0.27,1.91,1.97,1,0,1162,35.21
4593841,Baylor Scheierman,BOS,SG,ACTIVE,0.8,140.3,77,18.62,5.55,1.96,4.32,0.45,0.36,0.4,0.9,1.26,3.16,0.4,0.74,2.75,3.49,1.51,0.55,0.08,0.6,1.4,4,0,1160,15.06
5175643,Egor Demin,BKN,PG/SG,ACTIVE,34.1,134.9,52,25.1,10.31,3.44,8.63,0.4,1.04,1.25,0.83,2.38,6.19,0.39,0.4,2.77,3.17,3.33,0.81,0.33,1.65,1.79,1,0,1157,22.25
4897262,Will Richard,GS,SG/SF,ACTIVE,0.1,140,69,19.96,6.39,2.35,5.01,0.47,0.67,0.78,0.85,1.03,3.07,0.33,0.97,1.52,2.49,1.35,1.16,0.13,0.77,1.9,0,0,1157,16.77
4431767,Christian Braun,DEN,SG/SF,ACTIVE,30.9,140.6,44,31.8,11.95,4.59,8.84,0.52,1.8,2.3,0.78,0.98,3.25,0.3,1.39,3.41,4.8,2.73,0.68,0.27,0.98,2.34,0,0,1156,26.27
4277922,Jericho Sims,MIL,C,ACTIVE,0.1,140,67,19.69,4.99,2.16,2.76,0.78,0.66,1.06,0.62,0,0,0,2.19,3.33,5.52,1.55,0.28,0.25,1.12,2.18,6,1,1155,17.24
4432170,Isaiah Jackson,LAC,PF/C,ACTIVE,1.1,140.4,55,16.51,6.73,2.75,4.31,0.64,1.24,1.91,0.65,0,0.05,0,2.05,3.22,5.27,0.95,0.65,0.89,1.05,2.67,7,0,1150,20.91
3213,Al Horford,GS,PF/C,DAY_TO_DAY,1.7,140.2,45,21.58,8.27,3.07,7.2,0.43,0.49,0.58,0.85,1.64,4.56,0.36,0.98,3.89,4.87,2.58,0.67,1.13,0.93,1.13,0,0,1129,25.09
4433137,Ziaire Williams,LAL,SG/SF,DAY_TO_DAY,0.5,140.3,56,22.86,10.23,3.29,7.73,0.42,2.13,2.5,0.85,1.54,4.48,0.34,0.54,1.86,2.39,1.07,1.36,0.38,1.05,2.07,0,0,1127,20.13
4683689,Jordan Walsh,BOS,SF,ACTIVE,0.6,140.3,68,17.85,5.35,2,3.93,0.51,0.65,0.84,0.77,0.71,1.84,0.38,1.25,2.75,4,0.79,0.72,0.46,0.51,2.01,2,0,1125,16.54
3064290,Aaron Gordon,DEN,PF,ACTIVE,47.1,131.9,36,27.86,16.17,5.5,11.06,0.5,3.47,4.53,0.77,1.69,4.36,0.39,1.42,4.39,5.81,2.67,0.58,0.28,1.06,1.72,4,0,1115,30.97
3064440,Zach LaVine,SAC,SG/SF,ACTIVE,63.9,126,39,31.44,19.18,6.72,14.03,0.48,3.21,3.64,0.88,2.54,6.51,0.39,0.21,2.56,2.77,2.28,0.72,0.26,1.9,2.08,0,0,1105,28.33
4433629,Ryan Nembhard,DEN,PG/SG,ACTIVE,0.1,140,60,19.5,6.62,2.7,6.5,0.42,0.42,0.52,0.81,0.8,2.25,0.36,0.22,2,2.22,5.27,0.42,0.03,1.42,1.43,4,0,1101,18.35
4396909,Aaron Nesmith,IND,SG/SF,ACTIVE,3.1,140.7,45,29.64,13.8,4.71,11.38,0.41,2.04,2.47,0.83,2.33,6.16,0.38,1.07,3.09,4.16,1.91,0.58,0.51,1.4,2.76,0,0,1096,24.36
3912848,Dean Wade,PHI,PF,ACTIVE,0.7,139.9,59,22.39,5.8,2.07,4.71,0.44,0.46,0.64,0.71,1.2,3.32,0.36,0.9,3.29,4.19,1.49,0.75,0.39,0.27,1.53,1,0,1083,18.36
4431687,Patrick Williams,CHI,PF,ACTIVE,0.3,140.1,72,20.5,7.01,2.47,6.64,0.37,0.75,1.04,0.72,1.32,3.81,0.35,0.68,2.31,2.99,1.46,0.68,0.36,1.04,1.29,0,0,1081,15.01
4997538,Karlo Matkovic,NO,PF,ACTIVE,0,140,62,14.68,5.68,2.29,3.79,0.6,0.48,0.66,0.73,0.61,1.45,0.42,1.16,2.53,3.69,0.81,0.4,0.87,0.55,1.69,1,0,1080,17.42
2991043,Caris LeVert,MIL,SG/SF,ACTIVE,0.8,140.2,60,19.23,7.38,2.72,6.52,0.42,0.95,1.4,0.68,1,3,0.33,0.38,1.57,1.95,2.65,0.85,0.68,1.37,1.52,0,0,1073,17.88
4684806,Taylor Hendricks,MEM,PF,ACTIVE,0.2,140,59,19.03,7.42,2.76,6.02,0.46,0.83,1.22,0.68,1.07,3.12,0.34,1.1,2.64,3.75,0.93,0.85,0.51,0.85,1.68,2,0,1071,18.15
4595400,Olivier-Maxence Prosper,MEM,PF,ACTIVE,0.2,140.1,53,18.55,10,3.62,6.6,0.55,1.62,2.15,0.75,1.13,2.79,0.41,1.11,2.42,3.53,0.96,0.75,0.25,0.89,1.57,1,0,1065,20.09
4433076,Ben Sheppard,IND,SG/SF,ACTIVE,0.2,140.1,65,21.4,7.06,2.58,5.95,0.43,0.6,0.78,0.76,1.29,3.57,0.36,0.66,2.34,3,1.75,0.6,0.09,0.63,1.75,0,0,1044,16.06
4592427,Spencer Jones,DEN,SF/PF,DAY_TO_DAY,0.1,140,64,22.16,5.5,2.06,4.09,0.5,0.48,0.8,0.61,0.89,2.25,0.4,1.17,2.09,3.27,0.8,0.81,0.45,0.48,2.73,1,0,1042,16.28
2528426,Jordan Clarkson,NY,SG/SF,ACTIVE,1,139.9,72,17.79,8.64,3.29,7.31,0.45,1.08,1.31,0.83,0.97,2.97,0.33,0.86,0.9,1.76,1.33,0.42,0.13,0.88,1.71,0,0,1035,14.38
3102531,Kristaps Porzingis,GS,PF/C,DAY_TO_DAY,69.4,113.9,32,24.06,16.66,5.41,12.13,0.45,4.16,4.94,0.84,1.69,5,0.34,1.25,3.97,5.22,2.53,0.56,1.19,1.28,2.88,1,0,1034,32.31
4066399,Micah Potter,POR,C,ACTIVE,0.1,140,47,19.3,9.74,3.21,6.23,0.52,1.81,2.15,0.84,1.51,3.57,0.42,1.23,3.72,4.96,1.47,0.47,0.32,1,1.74,7,0,1026,21.83
4702352,Kobe Sanders,LAC,SG,DAY_TO_DAY,0.1,140,68,19.9,7.28,2.63,5.65,0.47,0.84,1.01,0.83,1.18,2.88,0.41,0.43,1.82,2.25,1.6,0.72,0.15,1.19,2.15,0,0,1011,14.87
2991350,Alex Caruso,OKC,PG/SG,DAY_TO_DAY,7.1,138.7,56,18.25,6.21,2.27,5.36,0.42,0.73,0.91,0.8,0.95,3.23,0.29,0.5,2.27,2.77,1.96,1.29,0.3,0.86,1.21,0,0,1008,18
4278077,Jarred Vanderbilt,LAL,SF/PF,ACTIVE,0.3,140,65,17.35,4.43,1.74,3.69,0.47,0.51,0.86,0.59,0.45,1.52,0.29,1.23,3.26,4.49,1.29,0.85,0.29,0.86,1.6,1,0,1007,15.49
4065663,Josh Okogie,UTAH,SF,ACTIVE,0.1,140,78,17.44,4.53,1.6,3.77,0.43,0.53,0.88,0.59,0.79,2.06,0.39,1.04,1.53,2.56,0.88,0.81,0.21,0.53,1.37,1,0,999,12.81
5106268,Nae'Qwan Tomlin,CLE,PF,ACTIVE,0.1,140,64,15.73,5.84,2.34,4.91,0.48,0.73,0.95,0.77,0.42,1.8,0.23,1.34,1.56,2.91,0.83,0.64,0.53,0.45,1.95,0,0,993,15.52
4594326,Kris Murray,MEM,PF,ACTIVE,0.1,140.1,57,23.46,5.81,2.26,4.84,0.47,0.68,1,0.68,0.6,2.14,0.28,1.58,2.04,3.61,1.42,0.89,0.39,0.82,1.61,0,0,985,17.28
5279130,Nolan Traore,BKN,PG,ACTIVE,0.6,140.4,56,22.25,8.91,3.25,8.55,0.38,1.32,1.68,0.79,1.09,3.43,0.32,0.25,1.52,1.77,3.8,0.8,0.41,2.3,2.13,1,0,981,17.52
4431823,Miles McBride,NY,PG/SG,ACTIVE,1.2,140.1,41,26.34,11.98,4.17,9.85,0.42,0.9,1.15,0.79,2.73,6.61,0.41,0.59,1.85,2.44,2.59,0.85,0.22,0.8,1.71,0,0,977,23.83
4065732,De'Andre Hunter,SAC,SF/PF,ACTIVE,2.8,140.5,45,26.16,13.67,4.62,11.13,0.42,2.76,3.18,0.87,1.67,5.47,0.3,0.67,3.44,4.11,2,0.67,0.13,1.67,2.49,0,0,975,21.67
6583,Anthony Davis,WSH,PF/C,ACTIVE,98.5,31.8,20,31.25,20.35,8.45,16.7,0.51,2.95,4.05,0.73,0.5,1.85,0.27,3.1,7.95,11.05,2.8,1.1,1.65,2.05,2.1,13,0,971,48.55
4606840,Jamir Watkins,WSH,SG,OUT,0,140,50,20.6,7.36,2.64,5.92,0.45,1.14,1.64,0.7,0.94,3.16,0.3,0.98,2.9,3.88,1.34,1.08,0.5,0.8,2.58,0,0,971,19.42
4683778,Jared McCain,OKC,PG/SG,ACTIVE,14,137.9,67,17.36,8.33,3.04,7.16,0.42,0.76,0.88,0.86,1.48,3.84,0.39,0.34,1.7,2.04,1.34,0.52,0.07,0.84,1.21,0,0,965,14.4
5081727,Sidy Cissoko,POR,SG,ACTIVE,0.1,140,75,19.12,5.11,1.77,4.45,0.4,0.77,1.17,0.66,0.79,2.64,0.3,0.83,1.39,2.21,1.47,0.69,0.33,0.93,2.44,0,0,960,12.8
4781746,Javon Small,MEM,PG,ACTIVE,0.1,140,41,20.24,9.66,3.27,7.02,0.47,1.66,2,0.83,1.46,3.46,0.42,0.88,2.24,3.12,3.68,0.83,0.22,1.37,1.59,0,0,948,23.12
4997526,Ousmane Dieng,MIL,SF,ACTIVE,0.3,140,57,19.37,7.56,2.95,6.98,0.42,0.56,0.79,0.71,1.11,3.25,0.34,0.51,2.65,3.16,2.39,0.44,0.3,1.32,1.37,5,0,933,16.37
4280151,Corey Kispert,ATL,SG/SF,ACTIVE,0.3,140.1,58,18.66,9.17,3.17,6.79,0.47,1.33,1.67,0.79,1.5,4.09,0.37,0.47,1.81,2.28,1.59,0.28,0.16,0.78,1.03,0,0,926,15.97
3133602,Svi Mykhailiuk,UTAH,SG,ACTIVE,0.1,140,50,23.08,9.38,3.46,7.24,0.48,0.5,0.56,0.89,1.96,4.8,0.41,0.72,1.76,2.48,1.86,0.52,0.06,0.84,1.26,0,0,926,18.52
2581018,Kentavious Caldwell-Pope,PHI,SG/SF,ACTIVE,1,140,51,21.25,8.39,2.94,7.18,0.41,1.43,1.57,0.91,1.08,3.41,0.32,0.39,2.06,2.45,2.73,0.84,0.16,1.2,1.12,0,0,915,17.94
2993874,Kyle Anderson,TOR,SF/PF,ACTIVE,0.3,140.1,43,19.88,6.19,2.49,4.7,0.53,1.12,1.58,0.71,0.09,0.26,0.36,0.98,2.51,3.49,2.93,1.05,0.6,0.91,2.23,0,0,912,21.21
4687718,Josh Minott,BKN,SF,ACTIVE,0.1,140,49,16.98,7.43,2.57,5.14,0.5,0.98,1.24,0.79,1.31,3.12,0.42,0.98,2.24,3.22,0.94,0.9,0.49,0.88,1.49,1,0,902,18.41
4592829,Quenton Jackson,IND,PG/SG,DAY_TO_DAY,0.1,140.1,49,18.33,9.14,3.14,6.69,0.47,2,2.43,0.82,0.86,2.41,0.36,0.57,1.76,2.33,2.86,0.63,0.12,1.27,1.67,1,0,898,18.33
4711297,Justin Edwards,PHI,SF,ACTIVE,0.2,139.9,64,15.23,6.03,2.23,5,0.45,0.52,0.61,0.85,1.05,2.81,0.37,0.41,1.06,1.47,1.25,0.84,0.17,0.56,1.42,0,0,881,13.77
3416,Nicolas Batum,FA,PF,ACTIVE,0.1,140,74,17.46,3.96,1.3,3.22,0.4,0.12,0.15,0.82,1.24,3.08,0.4,0.31,2.18,2.49,0.86,0.64,0.31,0.5,1.35,0,0,878,11.86
5175647,Hugo Gonzalez,BOS,SF,ACTIVE,0.8,140.1,74,14.64,3.91,1.58,3.32,0.48,0.18,0.35,0.5,0.57,1.57,0.36,0.84,2.49,3.32,0.54,0.57,0.28,0.51,1.68,2,0,876,11.84
4017844,Guerschon Yabusele,FA,PF/C,ACTIVE,0.2,140,67,14.99,5.57,1.87,4.66,0.4,0.81,1.07,0.75,1.03,2.93,0.35,0.84,2.66,3.49,0.94,0.39,0.24,0.61,1.21,4,0,876,13.07
4437244,Jalen Green,PHX,SG/SF,ACTIVE,77.9,114.8,32,25.91,17.75,6.75,16,0.42,2.03,2.72,0.75,2.22,7.09,0.31,0.5,3.13,3.63,2.84,1.06,0.25,2.25,1.31,0,0,875,27.34
2581184,Anthony Gill,WSH,PF,ACTIVE,0,140,55,17.33,5.84,2.45,3.91,0.63,0.62,0.84,0.74,0.31,0.87,0.35,1.05,1.82,2.87,1.25,0.56,0.38,0.65,1.6,0,0,871,15.84
3914044,Landry Shamet,NY,SG,ACTIVE,0.6,139.9,51,23,9.31,3.12,7.14,0.44,1.06,1.49,0.71,2.02,5.16,0.39,0.45,1.35,1.8,1.41,0.61,0.18,0.59,1.51,0,0,869,17.04
5214640,Kasparas Jakucionis,MIL,PG,ACTIVE,0.8,140.3,53,17.91,6.19,1.92,4.49,0.43,1.09,1.25,0.88,1.25,2.94,0.42,0.81,1.79,2.6,2.58,0.62,0.13,0.94,1.87,0,0,867,16.36
4433144,Caleb Love,PHI,SG,ACTIVE,0.2,139.9,49,20.71,10.39,3.88,10,0.39,0.73,1,0.73,1.9,5.96,0.32,0.51,1.82,2.33,2.51,0.55,0.08,1.27,0.98,0,0,864,17.63
3934723,Thomas Bryant,CLE,C,ACTIVE,0.2,140,60,12.23,6.17,2.25,4.45,0.51,0.88,1.1,0.8,0.78,2.18,0.36,0.98,2.43,3.42,0.55,0.3,0.43,0.47,1.25,1,0,860,14.33
5106258,Gradey Dick,LAC,SG/SF,ACTIVE,1.9,139.9,76,14.04,5.99,2.12,5.05,0.42,1.01,1.16,0.88,0.74,2.45,0.3,0.55,1.38,1.93,0.67,0.59,0.09,0.55,1.33,1,0,856,11.26
4431675,Trendon Watford,NO,SF/PF,ACTIVE,0,140,53,16.3,6.53,2.6,5.06,0.51,1.13,1.45,0.78,0.19,0.94,0.2,0.72,2.57,3.28,2.49,0.3,0.42,1.21,2.02,1,1,856,16.15
4997537,Tristan Vukcevic,WSH,PF,OUT,0.2,140.1,49,13.67,9,3.1,6.47,0.48,1.78,2.27,0.78,1.02,2.94,0.35,0.65,2.35,3,1.12,0.47,0.67,1.27,1.67,1,0,846,17.27
3133626,Kenrich Williams,OKC,SF,ACTIVE,0.2,140.1,56,15.25,6.48,2.5,5.29,0.47,0.59,0.93,0.63,0.89,2.3,0.39,1.05,2.29,3.34,1.41,0.55,0.09,0.77,1.05,1,0,843,15.05
2531367,Dwight Powell,DAL,C,ACTIVE,0.1,140,63,14.38,3.33,1.03,1.6,0.64,1.24,1.78,0.7,0.03,0.11,0.29,1.52,2.56,4.08,1.08,0.54,0.33,0.65,2.11,3,0,843,13.38
4433247,Jonathan Kuminga,MIN,SF/PF,ACTIVE,18.3,135.9,36,23.08,12.17,4.36,9.42,0.46,2.47,3.42,0.72,0.97,2.92,0.33,1.36,4.25,5.61,2.31,0.61,0.31,1.86,1.53,1,0,832,23.11
4277843,Gary Trent Jr.,MIL,SG/SF,ACTIVE,0.4,140,65,21.18,8.14,2.82,7.28,0.39,0.62,0.8,0.77,1.89,5.26,0.36,0.12,0.91,1.03,1.22,0.52,0.05,0.63,1.31,0,0,832,12.8
5099752,Rayan Rupert,PHI,SG,ACTIVE,0.1,140,64,16.75,5.19,1.92,4.89,0.39,0.66,0.84,0.78,0.69,2.13,0.32,0.75,2.19,2.94,1.06,0.86,0.14,0.86,1.94,3,1,830,12.97
4397227,Vince Williams Jr.,FA,PG/SG,OUT,0.1,140.1,40,20.52,7.5,2.58,7.3,0.35,0.97,1.25,0.78,1.38,4.42,0.31,0.97,2.9,3.88,4.17,0.72,0.4,1.75,2,1,0,829,20.73
4277956,Jordan Poole,NO,PG/SG,ACTIVE,33,139.6,39,23.97,13.44,4.23,11.38,0.37,2.51,2.92,0.86,2.46,7.38,0.33,0.23,1.74,1.97,3.05,0.56,0.38,1.77,2.28,0,0,824,21.13
4431752,Kobe Brown,IND,PF,ACTIVE,0.2,139.9,61,15.77,5.79,2.08,4.44,0.47,0.77,0.97,0.8,0.85,2.28,0.37,1.11,1.92,3.03,1.31,0.38,0.2,0.87,1.13,0,0,823,13.49
4684275,Rob Dillingham,FA,PG,DAY_TO_DAY,0.7,140,65,14.91,6.29,2.51,6.34,0.4,0.63,0.85,0.75,0.65,2.05,0.32,0.29,1.72,2.02,2.2,0.72,0.09,1.54,1.75,0,0,799,12.29
2990984,Buddy Hield,CHI,SG/SF,ACTIVE,1.1,140.1,51,16.08,7.65,2.8,6.41,0.44,0.59,0.73,0.81,1.45,4.16,0.35,0.53,1.75,2.27,1.39,0.76,0.18,0.94,1.12,0,0,797,15.63
5044385,Leonard Miller,CHI,SF,ACTIVE,0.2,140,46,15.67,7.85,3.15,5.7,0.55,0.85,1.15,0.74,0.7,2.15,0.32,1.17,2.76,3.93,0.87,0.37,0.33,0.78,1.41,3,0,787,17.11
3195,Mike Conley,BOS,PG,ACTIVE,0.5,140,54,18.41,4.54,1.33,3.98,0.33,0.83,0.93,0.9,1.04,3.07,0.34,0.33,1.39,1.72,2.91,0.65,0.26,0.63,1.56,0,0,778,14.41
2991235,Steven Adams,HOU,C,ACTIVE,0.5,139.9,32,22.81,5.84,2.19,4.34,0.5,1.47,2.53,0.58,0,0,0,4.53,4.09,8.63,1.5,0.69,0.63,1.09,1.72,3,0,778,24.31
5037873,Drake Powell,BKN,SG,ACTIVE,0.1,140,63,20.94,6.48,2.29,5.68,0.4,1.1,1.22,0.9,0.81,2.89,0.28,0.33,1.43,1.76,1.44,0.57,0.22,0.95,1.41,0,0,775,12.3
3155942,Domantas Sabonis,SAC,PF/C,ACTIVE,98.1,16.9,19,29.74,15.84,6.32,11.63,0.54,2.95,4.05,0.73,0.26,1.42,0.19,3.37,8,11.37,4.11,0.95,0.21,2.68,3.47,12,0,762,40.11
3133635,Jevon Carter,ORL,PG,ACTIVE,0.1,140,53,16.38,6.4,2.32,5.79,0.4,0.28,0.36,0.79,1.47,4.06,0.36,0.26,1.42,1.68,1.64,0.75,0.19,0.68,1.08,0,0,757,14.28
4432181,Julian Strawther,DEN,SF,ACTIVE,0.2,140,57,15.11,7.25,2.61,5.6,0.47,1,1.23,0.81,1.02,2.63,0.39,0.21,1.79,2,1.07,0.44,0.11,0.63,1.28,0,0,737,12.93
4433225,Tyler Kolek,NY,PG,ACTIVE,0.3,139.9,62,11.76,4.42,1.74,4,0.44,0.23,0.32,0.7,0.71,1.84,0.39,0.26,1.32,1.58,2.74,0.35,0.06,0.89,1.05,2,0,734,11.84
4683678,Scoot Henderson,POR,PG/SG,ACTIVE,12.4,140.3,30,24.9,14.23,4.77,11.4,0.42,2.8,3.33,0.84,1.9,5.4,0.35,0.6,2.07,2.67,3.73,0.9,0.3,2.43,2.83,0,0,732,24.4
4065648,Jayson Tatum,BOS,SF/PF,ACTIVE,99.8,9.2,16,32.63,21.75,7.38,17.94,0.41,4.06,4.94,0.82,2.94,8.94,0.33,0.5,9.5,10,5.31,1.38,0.19,2.44,1.63,10,1,726,45.38
4594327,Keegan Murray,SAC,SF/PF,DAY_TO_DAY,53,124.3,23,34.57,13.96,5.48,13.04,0.42,1.65,2.13,0.78,1.35,4.87,0.28,1.43,4.3,5.74,1.65,1.04,1.57,1.17,1.83,2,0,726,31.57
4868423,Jaden Hardy,LAL,SG,ACTIVE,0.1,140,57,15.79,9.18,3.19,7.53,0.42,0.96,1.32,0.73,1.82,4.6,0.4,0.26,1.25,1.51,1.02,0.28,0.11,1.09,1.56,0,0,723,12.68
4279888,Ja Morant,POR,PG,ACTIVE,89.3,84.7,20,28.4,19.45,6.6,16.1,0.41,5.25,5.85,0.9,1,4.25,0.24,0.4,2.85,3.25,8.05,1,0.3,3.55,2,8,0,720,36
4433188,Devin Carter,BOS,PG,ACTIVE,0.1,140,38,18.45,8.92,3.18,7.68,0.41,1.76,2.47,0.71,0.79,3,0.26,0.95,2.34,3.29,2.66,0.89,0.24,1.42,1.32,0,0,719,18.92
5214637,Noah Penda,ORL,PF,DAY_TO_DAY,0.1,140,59,12.9,3.85,1.39,3.44,0.4,0.56,0.81,0.69,0.51,1.58,0.32,1.14,2.03,3.17,1.19,0.51,0.31,0.71,1.19,2,0,711,12.05
4432174,Cam Thomas,FA,SG/SF,ACTIVE,20,140,42,21.02,13.5,4.5,10.98,0.41,3.26,4.02,0.81,1.24,4,0.31,0.26,1.43,1.69,2.57,0.21,0.1,1.76,1.02,0,0,706,16.81
4432446,Jabari Walker,PHI,PF,ACTIVE,0.1,140,64,11.84,4.31,1.52,3.33,0.46,0.78,1.06,0.74,0.5,1.48,0.34,1.13,1.88,3,0.53,0.36,0.2,0.42,1.61,2,0,699,10.92
4997528,Nikola Jovic,MIA,PF,ACTIVE,1.8,139.8,47,17.23,7.32,2.45,6.68,0.37,1.47,2.15,0.68,0.96,3.55,0.27,0.53,2.72,3.26,2.17,0.55,0.36,1.38,1.38,0,0,697,14.83
3449,Kevin Love,FA,PF,ACTIVE,0.2,140,37,16.49,6.7,2.14,5.38,0.4,1,1.19,0.84,1.43,3.84,0.37,1.49,4.32,5.81,1.81,0.38,0.24,0.81,1.46,2,0,695,18.78
4432247,Jaylen Clark,MIN,SG,ACTIVE,0.3,140,68,13.07,4.04,1.46,3.35,0.43,0.65,0.99,0.66,0.49,1.49,0.33,0.79,0.97,1.76,0.63,0.69,0.13,0.34,1.28,0,0,693,10.19
5061568,Carter Bryant,SA,SF,ACTIVE,1.6,139.8,71,11.51,4.2,1.52,3.73,0.41,0.42,0.59,0.71,0.73,2.18,0.34,0.54,1.97,2.51,0.66,0.23,0.32,0.46,1.32,0,0,689,9.7
4397018,Ochai Agbaji,NY,SF,ACTIVE,0.1,140,62,15.74,5.06,1.97,4.52,0.44,0.58,0.69,0.84,0.55,2.06,0.27,0.74,1.53,2.27,0.76,0.39,0.27,0.5,1.5,0,0,688,11.1
3135046,Tyus Jones,DEN,PG,ACTIVE,0.9,140.1,67,14.64,2.97,1.13,3.25,0.35,0.1,0.13,0.78,0.6,2.04,0.29,0.18,0.96,1.13,2.37,0.55,0.04,0.37,0.46,0,0,687,10.25
4576086,Bryce McGowens,NO,SG,ACTIVE,0,140,42,20.98,8.1,2.71,5.64,0.48,1.76,2.26,0.78,0.9,2.21,0.41,0.29,1.81,2.1,1.48,0.64,0.21,0.4,2.1,0,0,682,16.24
3138160,Caleb Martin,DAL,SG,ACTIVE,0.2,140,58,14.83,3.91,1.47,3.26,0.45,0.64,1.05,0.61,0.34,0.98,0.35,0.48,1.98,2.47,1.4,0.69,0.26,0.69,1.48,0,0,677,11.67
4066421,Lonzo Ball,FA,PG/SG,ACTIVE,0.9,139.8,35,20.8,4.57,1.51,5.03,0.3,0.4,0.6,0.67,1.14,4.2,0.27,0.74,3.26,4,3.89,1.29,0.26,1.49,1.31,0,0,673,19.23
4432173,Sharife Cooper,FA,PG,ACTIVE,0.1,139.9,41,17.1,8.12,3.1,6.02,0.51,1.22,1.46,0.83,0.71,1.85,0.38,0.44,1.66,2.1,3.02,0.39,0.12,1.49,1.49,0,0,673,16.41
4432185,Micah Peavy,MEM,SF,DAY_TO_DAY,0,140,61,14.97,4.3,1.74,4.51,0.39,0.36,0.48,0.76,0.46,1.77,0.26,0.75,1.16,1.92,1,0.7,0.15,0.33,1.57,0,0,673,11.03
4701208,Moussa Cisse,DAL,C,ACTIVE,0,140,38,13.95,4.47,1.74,3.03,0.57,1,2.13,0.47,0,0,0,2.34,3.34,5.68,0.24,0.5,1.18,0.79,1.92,2,0,669,17.61
4278076,Nick Richards,MIA,C,ACTIVE,0.2,140,48,14.65,5.75,2.15,4.19,0.51,1.35,2.1,0.64,0.1,0.38,0.28,1.6,3.46,5.06,0.33,0.21,0.67,1.23,1.83,4,0,664,13.83
5242502,Ben Saraf,BKN,SG,ACTIVE,0.1,140,44,20.82,7.55,2.73,6.89,0.4,1.66,2,0.83,0.43,2.05,0.21,0.45,1.64,2.09,3.3,0.86,0.18,2.25,1.84,0,0,661,15.02
4433218,Jaden Ivey,FA,PG/SG,DAY_TO_DAY,0.4,140,37,18.11,8.54,3.08,6.92,0.45,1.03,1.27,0.81,1.35,3.62,0.37,0.65,1.81,2.46,1.84,0.62,0.38,1.11,1.43,0,0,646,17.46
4066218,Grant Williams,CHA,PF,DAY_TO_DAY,0.3,140.1,36,19.81,7,2.17,5.08,0.43,1.22,1.5,0.81,1.44,3.72,0.39,1.28,2.67,3.94,1.56,0.47,0.5,0.86,1.56,0,0,645,17.92
4279318,Daeqwon Plowden,SAC,SG,ACTIVE,0,140,32,26.34,10.75,3.75,8.72,0.43,1.31,1.53,0.86,1.94,5.81,0.33,1.03,2,3.03,1.28,0.72,0.22,0.81,2.44,0,0,640,20
4280245,Jamaree Bouyea,PHX,PG,ACTIVE,0,140,46,14.02,5.72,2.35,5.13,0.46,0.52,0.76,0.69,0.5,1.7,0.29,0.39,1.39,1.78,1.78,0.63,0.35,0.65,0.83,0,0,639,13.89
4398390,Jalen Pickett,LAC,PG/SG,ACTIVE,0.1,140,50,16.12,5.2,1.96,4.64,0.42,0.3,0.38,0.79,0.98,2.54,0.39,0.36,1.92,2.28,2.3,0.26,0.1,0.68,0.84,0,0,635,12.7
4397179,Tyrese Martin,FA,SF,ACTIVE,0,140,46,16.85,6.3,2.37,6.02,0.39,0.41,0.61,0.68,1.15,3.59,0.32,0.74,1.78,2.52,1.7,0.54,0.13,0.87,0.72,0,0,625,13.59
4432811,Josh Green,UTAH,SG,ACTIVE,0.1,140,58,15.66,4.29,1.43,3.12,0.46,0.43,0.48,0.89,1,2.38,0.42,0.78,0.98,1.76,0.81,0.6,0.1,0.6,1.1,0,0,624,10.76
4397233,Pete Nance,MIL,PF,ACTIVE,0,140,47,15.57,5.4,2.13,4.13,0.52,0.09,0.23,0.36,1.06,2.53,0.42,0.57,2.09,2.66,1.02,0.3,0.3,0.55,1.32,1,0,614,13.06
4592435,Branden Carlson,POR,C,ACTIVE,0,140,42,11.69,5.76,2.33,4.43,0.53,0.36,0.62,0.58,0.74,2.05,0.36,0.69,2.26,2.95,0.69,0.19,0.64,0.38,0.86,3,0,600,14.29
4432827,Oscar Tshiebwe,HOU,C,ACTIVE,0,140,27,16.56,7.81,3.41,5.37,0.63,1,1.81,0.55,0,0,0,2.85,3.78,6.63,1.19,0.59,0.19,0.78,1.44,3,0,599,22.19
4431684,Trayce Jackson-Davis,TOR,PF,DAY_TO_DAY,0.3,140.1,53,9.42,3.42,1.34,2.34,0.57,0.72,1.4,0.51,0.02,0.02,1,1.25,1.49,2.74,0.74,0.32,0.45,0.43,0.85,1,0,574,10.83
3922230,Aaron Holiday,FA,PG,ACTIVE,0,140,57,13.67,5.47,1.84,4.42,0.42,0.61,0.72,0.85,1.18,2.98,0.39,0.23,0.79,1.02,1.05,0.47,0.09,0.67,1.26,0,0,574,10.07
4065733,Ty Jerome,MEM,PG/SG,ACTIVE,62.8,93.8,15,22.73,19.67,6.8,14.33,0.47,3.27,3.73,0.88,2.8,6.67,0.42,0.73,2.07,2.8,5.67,1.07,0.27,1.8,2.07,0,0,568,37.87
3907498,Matisse Thybulle,LAL,SF,DAY_TO_DAY,0.5,140.1,30,16.03,5.8,1.93,4.47,0.43,0.7,0.83,0.84,1.23,3.1,0.4,0.57,1.4,1.97,0.9,2,0.53,0.93,1.43,0,0,567,18.9
5105806,Jett Howard,DAL,SF,ACTIVE,0.1,140,55,12.71,5.47,1.91,4.56,0.42,0.67,0.71,0.95,0.98,2.64,0.37,0.42,1.16,1.58,0.82,0.18,0.2,0.27,1.2,0,0,566,10.29
4431714,Jalen Wilson,ATL,PF,ACTIVE,0.2,140,54,15.94,6.35,2.04,5.15,0.4,1.28,1.78,0.72,1,2.81,0.36,0.31,1.8,2.11,0.93,0.41,0.04,0.7,1.57,0,0,563,10.43
5105977,Rasheer Fleming,PHX,PF,ACTIVE,0.1,140,55,12.31,4.33,1.58,3.91,0.4,0.35,0.62,0.56,0.82,2.36,0.35,1.04,1.22,2.25,0.29,0.4,0.38,0.53,1.16,0,0,554,10.07
4432809,Cole Anthony,FA,PG/SG,ACTIVE,0.3,140,35,15.06,6.69,2.8,6.6,0.42,0.46,0.74,0.62,0.63,2.06,0.31,0.46,2.03,2.49,3.46,0.57,0.31,1.86,2.09,0,0,550,15.71
4432819,Tre Mann,WSH,PG/SG,ACTIVE,0.2,140.1,53,12.64,5.49,2.06,5.72,0.36,0.43,0.51,0.85,0.94,2.92,0.32,0.38,1.36,1.74,1.62,0.47,0.09,1.02,1.3,0,0,548,10.34
4278355,Obi Toppin,IND,PF,ACTIVE,3.7,140.3,24,17.71,11.63,4.17,8.29,0.5,1.75,1.92,0.91,1.54,4.38,0.35,0.54,3.88,4.42,2.29,0.5,0.04,1.17,1.17,0,0,538,22.42
3914285,Drew Eubanks,NY,C,ACTIVE,0.1,140,42,13.19,5.21,2.21,3.71,0.6,0.76,1.36,0.56,0.02,0.17,0.14,0.93,2.1,3.02,0.45,0.36,0.62,0.71,1.36,1,0,536,12.76
4433159,Dalen Terry,GS,SF,ACTIVE,0.1,140,48,11.46,3.67,1.42,3.23,0.44,0.33,0.63,0.53,0.5,1.38,0.36,0.54,1.25,1.79,1.38,0.6,0.31,0.54,1.02,0,0,535,11.15
4873201,Asa Newell,ATL,PF,ACTIVE,0.3,140,44,11.41,5.16,2.07,3.84,0.54,0.36,0.66,0.55,0.66,1.7,0.39,1,1.18,2.18,0.59,0.36,0.34,0.52,1.48,2,0,532,12.09
4277905,Trae Young,WSH,PG,ACTIVE,97.7,22.7,15,25.47,17.93,5.4,11.8,0.46,5.33,6.47,0.82,1.8,5.33,0.34,0.27,1.73,2,8,0.87,0.13,2.6,2.2,3,0,529,35.27
4431690,Zeke Nnaji,DEN,PF/C,ACTIVE,0.1,140,52,12.06,3.65,1.37,2.9,0.47,0.65,0.85,0.77,0.27,1.04,0.26,0.63,1.98,2.62,0.56,0.33,0.46,0.52,1.37,2,0,528,10.15
5023693,Tyrese Proctor,CLE,SG,ACTIVE,0.1,140,50,10.98,5.44,1.86,4.5,0.41,0.8,0.9,0.89,0.92,2.62,0.35,0.22,1.06,1.28,1.48,0.5,0,0.8,1.18,1,0,520,10.4
5211176,Tidjane Salaun,CHA,PF,ACTIVE,0.1,140,37,15.57,6,2.16,4.3,0.5,0.7,1.08,0.65,0.97,2.24,0.43,0.7,3.32,4.03,0.73,0.43,0.19,0.7,1.46,1,0,517,13.97
4683934,Jahmai Mashack,MEM,SG,ACTIVE,0,140,31,21.61,6.19,2.48,6.29,0.39,0.61,1.13,0.54,0.61,2.42,0.25,0.74,1.87,2.61,2.23,1.19,0.45,1.58,2.16,2,1,514,16.58
3137259,Gabe Vincent,FA,PG,ACTIVE,0.1,140.1,53,16.55,4.36,1.43,4.08,0.35,0.38,0.43,0.87,1.11,3.26,0.34,0.32,0.7,1.02,1.43,0.51,0.06,0.51,1.49,0,0,512,9.66
3907497,Dejounte Murray,NO,PG/SG,ACTIVE,72.3,68.6,14,27.86,16.71,6.29,13,0.48,2.79,3.21,0.87,1.36,4.43,0.31,0.29,5.07,5.36,6.36,1.64,0.21,3.36,2.36,1,0,511,36.5
4431772,Myron Gardner,MIA,SF,ACTIVE,0,140,45,9.16,3.62,1.31,2.73,0.48,0.42,0.58,0.73,0.58,1.42,0.41,0.87,1.84,2.71,0.98,0.44,0.18,0.38,1.73,1,0,507,11.27
5289900,Mohamed Diawara,NY,PF,ACTIVE,0.3,139.9,69,9.2,3.57,1.3,3.09,0.42,0.26,0.35,0.75,0.7,1.88,0.37,0.22,1.14,1.36,0.77,0.25,0.09,0.43,0.72,0,0,502,7.28
5157066,Johnny Furphy,IND,SG,OUT,0.2,140,35,18.29,5.14,2,4.26,0.47,0.49,1,0.49,0.66,2.03,0.32,0.91,3.46,4.37,1.17,0.57,0.2,0.83,1.86,1,0,496,14.17
2990962,Taurean Prince,DET,SF,ACTIVE,0.2,140,26,23.58,9.19,3.31,7.35,0.45,0.23,0.23,1,2.35,5.38,0.44,0.15,2.96,3.12,1.77,0.62,0.23,1.19,1.85,2,0,490,18.85
4279118,Keaton Wallace,FA,PG,ACTIVE,0,140,53,10.09,3.51,1.28,3.23,0.4,0.23,0.34,0.67,0.72,1.92,0.37,0.06,1,1.06,1.77,0.45,0.09,0.53,0.91,0,0,490,9.25
4065654,Jonathan Isaac,ORL,PF,DAY_TO_DAY,0.1,140,52,10,2.58,0.88,2.1,0.42,0.67,1.12,0.6,0.13,0.73,0.18,0.83,1.71,2.54,0.42,0.38,0.6,0.35,0.79,0,0,488,9.38
5239561,Jase Richardson,ORL,SG,ACTIVE,0.2,140,54,10.91,4.43,1.65,3.48,0.47,0.61,0.85,0.72,0.52,1.46,0.35,0.39,0.78,1.17,1.07,0.35,0.04,0.46,0.98,0,0,478,8.85
3136776,D'Angelo Russell,FA,PG/SG,ACTIVE,20.1,140,26,19.04,10.15,3.62,8.92,0.41,1.65,2.31,0.72,1.27,4.31,0.29,0.31,2.04,2.35,4,0.46,0.08,1.88,1.15,1,0,474,18.23
4871141,Ariel Hukporti,PHI,C,OUT,0.1,140,54,9.3,2.17,0.83,1.48,0.56,0.48,0.61,0.79,0.02,0.07,0.25,1.04,1.91,2.94,0.54,0.17,0.48,0.59,1.24,0,0,470,8.7
4278516,Ethan Thompson,FA,SG,ACTIVE,0,140,32,20.47,6.97,2.31,6.13,0.38,1.16,1.47,0.79,1.19,3.63,0.33,0.53,1.63,2.16,1.78,0.63,0.28,0.78,2.16,0,0,469,14.66
4697268,Kam Jones,MIL,PG,ACTIVE,0,140,37,16.65,4.38,1.84,4.57,0.4,0.11,0.22,0.5,0.59,2.03,0.29,0.41,1.22,1.62,3.22,0.49,0,0.97,1.05,1,0,463,12.51
5108024,Yanic Konan Niederhauser,LAC,C,OUT,0.4,140,41,10.37,4.29,1.56,2.44,0.64,1.15,1.51,0.76,0.02,0.12,0.2,0.9,1.95,2.85,0.29,0.12,0.73,0.56,1.61,0,0,462,11.27
3150844,Moritz Wagner,BKN,C,ACTIVE,0.3,140,36,11.86,6.86,2.31,5.42,0.43,1.64,2,0.82,0.61,1.94,0.31,0.75,2.44,3.19,0.75,0.42,0.06,0.53,1.61,0,0,453,12.58
5279133,Joan Beringer,MIN,C,ACTIVE,0.7,140,40,7.88,3.9,1.63,2.45,0.66,0.65,0.93,0.7,0,0,0,1.13,1.18,2.3,0.3,0.17,0.65,0.28,1.18,1,0,451,11.28
4683750,Jordan Hawkins,MEM,SG,ACTIVE,0.1,140,51,13.51,5.06,1.84,5.04,0.37,0.45,0.53,0.85,0.92,2.65,0.35,0.39,1.33,1.73,0.82,0.25,0.2,0.67,0.59,0,0,448,8.78
4397449,Elijah Harkless,DET,SG,ACTIVE,0,140,26,20.96,6.85,2.08,6.19,0.34,1.88,2.46,0.77,0.81,3.38,0.24,0.38,1.65,2.04,2.88,1.19,0.23,1,2,1,0,443,17.04
5203685,Khaman Maluach,PHX,C,ACTIVE,4.3,140.1,46,8.91,3.02,1.22,2.28,0.53,0.48,0.67,0.71,0.11,0.46,0.24,1.07,1.83,2.89,0.13,0.11,0.72,0.54,0.93,1,0,441,9.59
4683742,Julian Reese,NO,PF,ACTIVE,0.1,140,13,30.92,11.85,4.85,9.15,0.53,2.15,3.38,0.64,0,0,0,4.23,6.31,10.54,1.85,1.38,0.62,2.46,3.23,5,0,440,33.85
4610139,Jeremy Sochan,POR,PF,ACTIVE,0.6,140.3,44,10.68,3.59,1.45,2.93,0.5,0.43,0.59,0.73,0.25,1.02,0.24,0.84,1.59,2.43,0.91,0.39,0.16,0.48,1.41,0,0,439,9.98
4600663,Zach Edey,MEM,C,DAY_TO_DAY,56.1,124.3,11,25.82,13.64,5.64,8.91,0.63,2.27,2.91,0.78,0.09,0.45,0.2,3.91,7.18,11.09,1.09,0.64,1.91,2.36,3.36,5,0,434,39.45
4432107,Marcus Sasser,DAL,PG,ACTIVE,0.1,140,38,12.05,5.18,1.82,4.66,0.39,0.39,0.47,0.83,1.16,2.79,0.42,0.18,0.84,1.03,1.97,0.53,0.11,0.82,1.08,0,0,429,11.29
2999547,Gary Harris,FA,SG,ACTIVE,0.1,140,48,13.83,2.67,0.96,2.17,0.44,0.17,0.19,0.89,0.58,1.42,0.41,0.33,0.94,1.27,1.06,0.56,0.19,0.4,1.1,0,0,428,8.92
3064230,Cameron Payne,FA,PG,DAY_TO_DAY,0.1,140,22,17.05,7.41,2.55,6.77,0.38,0.86,1,0.86,1.45,4.41,0.33,0.14,1.86,2,2.64,1.09,0.32,0.5,1.36,1,0,423,19.23
4278572,Jamal Cain,ORL,SF,ACTIVE,0.1,140.1,40,12.07,5.38,1.85,3.8,0.49,0.97,1.15,0.85,0.7,1.82,0.38,0.7,1.25,1.95,0.72,0.28,0.1,0.47,1.32,0,0,418,10.45
4897943,Dalton Knecht,LAL,SG/SF,ACTIVE,0.5,140,54,10.22,4.22,1.61,3.54,0.46,0.3,0.41,0.73,0.7,2.06,0.34,0.26,1.13,1.39,0.39,0.2,0.2,0.43,0.83,0,0,416,7.7
4065673,Tony Bradley,NY,C,ACTIVE,0,140,40,11.32,4.05,1.6,2.92,0.55,0.8,1.07,0.74,0.05,0.1,0.5,1.5,1.4,2.9,0.55,0.15,0.17,0.45,1.55,0,0,400,10
5174655,Chaney Johnson,BKN,SF,ACTIVE,0,140,17,20.29,8.18,3,5.53,0.54,1.65,2.06,0.8,0.53,1.76,0.3,1.94,2.71,4.65,2.12,0.88,0.53,1.18,3,1,0,392,23.06
4432847,Terrence Shannon Jr.,MIN,SG,ACTIVE,0.6,140,43,12.42,5.6,1.79,3.98,0.45,1.3,1.63,0.8,0.72,1.77,0.41,0.23,0.91,1.14,0.88,0.33,0.02,0.56,1.16,0,0,388,9.02
4431893,Jamison Battle,TOR,SF,DAY_TO_DAY,0,140,61,8.51,3.15,1.21,2.38,0.51,0.15,0.23,0.64,0.57,1.39,0.41,0.33,1.13,1.46,0.39,0.11,0.05,0.31,0.69,0,0,384,6.3
2580365,Larry Nance Jr.,IND,PF,DAY_TO_DAY,0.2,140.1,35,12.86,3.74,1.49,3.54,0.42,0.17,0.37,0.46,0.6,1.8,0.33,0.83,1.83,2.66,0.97,0.6,0.17,0.57,1.57,0,0,383,10.94
4703421,Taelon Peter,SA,SG,ACTIVE,0,140,38,12.95,4.5,1.58,4.16,0.38,0.26,0.42,0.63,1.08,3.29,0.33,0.26,1.29,1.55,1.05,0.68,0.11,0.71,1,0,0,383,10.08
2489663,Kelly Olynyk,FA,C,ACTIVE,0.2,140,41,8.83,3.24,1.15,2.34,0.49,0.66,0.93,0.71,0.29,1.15,0.26,0.59,1.27,1.85,1.2,0.37,0.07,0.59,0.95,0,0,354,8.63
4683024,Killian Hayes,FA,PG,ACTIVE,0.2,140,23,17.61,5.52,1.83,6,0.3,1.13,1.22,0.93,0.74,2.74,0.27,0.17,2.17,2.35,3.52,0.91,0.17,1.22,1.57,0,0,352,15.3
4432646,Kennedy Chandler,PHX,PG,ACTIVE,0,140,11,32.18,15,5.55,12.45,0.45,2.55,3.91,0.65,1.36,3.45,0.39,0.55,2.82,3.36,6.73,1,0.18,2.09,2.09,1,0,350,31.82
5105592,Cam Whitmore,DEN,SF/PF,ACTIVE,2.2,140,21,16.86,9.19,3.67,8.05,0.46,1.1,1.48,0.74,0.76,2.67,0.29,0.9,1.86,2.76,0.71,0.71,0.38,0.86,1.19,0,0,349,16.62
2578185,Dorian Finney-Smith,ATL,PF,ACTIVE,0.1,140,37,16.73,3.32,1.19,3.57,0.33,0.22,0.24,0.89,0.73,2.7,0.27,0.95,1.57,2.51,0.97,0.43,0.16,0.59,1.65,0,0,349,9.43
3155535,Kevon Looney,LAL,C,ACTIVE,0.3,140,21,14.62,2.81,1.19,2.86,0.42,0.33,0.48,0.7,0.1,0.62,0.15,2.29,3.33,5.62,1.62,0.43,0.48,0.43,1.62,0,0,340,16.19
4398207,Jalen Slawson,IND,SF,ACTIVE,0,140,13,23.92,7.31,2.62,5.92,0.44,0.92,1.31,0.71,1.15,3.08,0.38,0.54,3.85,4.38,2.77,1.54,1.08,1.31,2.08,0,0,334,25.69
3037789,Bogdan Bogdanovic,HOU,SG/SF,ACTIVE,0.4,140,23,19.7,7.43,2.57,6.61,0.39,0.87,1.09,0.8,1.43,4.13,0.35,0.26,2.3,2.57,2.22,0.43,0.13,1.17,2,0,0,330,14.35
2960236,Maxi Kleber,FA,PF,ACTIVE,0.1,140,43,10.7,2,0.77,1.7,0.45,0.33,0.6,0.54,0.14,0.6,0.23,0.84,1.12,1.95,0.63,0.42,0.26,0.4,1.4,0,0,329,7.65
5105553,Julian Phillips,HOU,SF,ACTIVE,0.1,140,48,8.94,2.92,1.06,2.52,0.42,0.38,0.48,0.78,0.42,1.35,0.31,0.48,0.54,1.02,0.21,0.48,0.15,0.23,0.9,0,0,326,6.79
4432821,E.J. Liddell,FA,PF,ACTIVE,0,140,26,13.42,5.65,2.08,4.27,0.49,0.81,1,0.81,0.69,2,0.35,0.54,2.12,2.65,0.92,0.23,0.38,0.58,1.73,1,0,325,12.5
4066387,Amir Coffey,FA,SG,ACTIVE,0,140,46,10.67,3.24,1.2,2.46,0.49,0.48,0.61,0.79,0.37,1.07,0.35,0.41,0.83,1.24,0.59,0.2,0.11,0.2,0.65,0,0,325,7.07
4431778,Christian Koloko,NO,C,ACTIVE,0,140,27,13.26,2.7,1.15,2.74,0.42,0.37,0.56,0.67,0.04,0.33,0.11,1.15,1.85,3,0.67,0.52,0.85,0.59,1.78,0,0,321,11.89
4432887,Tyson Etienne,FA,PG,ACTIVE,0,140,24,15.83,7.88,2.42,6.04,0.4,1.25,1.5,0.83,1.79,4.5,0.4,0.21,0.92,1.13,1.67,0.46,0,0.67,1.96,0,0,321,13.38
4683935,Blake Wesley,LAC,SG,ACTIVE,0,140,31,11.71,4.77,1.81,4,0.45,0.84,1.52,0.55,0.32,1.16,0.28,0.26,1,1.26,2,0.52,0.16,1,1.1,0,0,318,10.26
3136777,Jae'Sean Tate,HOU,SF,ACTIVE,0.1,140,46,8.78,2.8,1.22,2.37,0.51,0.15,0.24,0.64,0.22,0.7,0.31,0.72,0.87,1.59,0.54,0.22,0.07,0.35,1.04,0,0,314,6.83
4845363,Cam Christie,LAC,SG,ACTIVE,0,140,55,8.71,2.84,0.96,2.53,0.38,0.69,0.91,0.76,0.22,0.89,0.24,0.35,1.07,1.42,0.56,0.29,0.05,0.4,0.35,0,0,314,5.71
4431786,Keshad Johnson,MIA,PF,OUT,0,140,32,8.72,4.25,1.59,3.25,0.49,0.66,0.91,0.72,0.41,1.38,0.3,0.81,1.13,1.94,0.25,0.47,0.25,0.41,0.88,1,0,312,9.75
4395650,Leaky Black,SAC,SF,ACTIVE,0.1,140,15,28.8,7.07,2.67,6.87,0.39,0.47,0.53,0.88,1.27,3.67,0.35,1,4,5,1.47,1.2,0.53,0.93,2.67,0,0,311,20.73
4397251,Ron Harper Jr.,BOS,SG,ACTIVE,0.1,140,29,10.9,4.24,1.59,3.79,0.42,0.1,0.14,0.75,0.97,2.76,0.35,0.52,1.14,1.66,0.76,0.34,0.31,0.28,0.69,0,0,299,10.31
4396963,Blake Hinson,UTAH,SF,ACTIVE,0,140,14,20.43,11.93,4.21,8.21,0.51,0.86,1.14,0.75,2.64,5.64,0.47,0.79,1.57,2.36,1.14,0.36,0.14,0.36,1.71,0,0,297,21.21
4683774,Bronny James,LAL,PG/SG,ACTIVE,4.7,138,42,8.98,2.9,1.12,2.74,0.41,0.14,0.17,0.86,0.52,1.36,0.39,0.12,0.43,0.55,1.21,0.45,0.1,0.6,0.67,0,0,294,7
4432190,Andre Jackson Jr.,FA,SG,ACTIVE,0.1,140,48,8.46,2.35,0.81,2.48,0.33,0.42,0.67,0.63,0.31,1.25,0.25,0.52,0.98,1.5,0.9,0.4,0.08,0.65,0.9,0,0,288,6
4683686,Nick Smith Jr.,FA,SG,ACTIVE,0.1,140,30,12.5,6.17,2.33,5.37,0.43,0.37,0.5,0.73,1.13,2.87,0.4,0.1,0.67,0.77,1.03,0.3,0.07,0.7,0.93,0,0,284,9.47
2528588,Doug McDermott,FA,SF,ACTIVE,0,140,29,15.14,5.66,1.86,4.79,0.39,0.28,0.31,0.89,1.66,4.24,0.39,0.24,1.03,1.28,0.76,0.21,0.14,0.45,0.97,0,0,282,9.72
4431785,Scotty Pippen Jr.,MEM,PG/SG,ACTIVE,10,138.8,10,21.2,11.4,4.3,9.6,0.45,1.8,2.3,0.78,1,3.2,0.31,0.8,1.4,2.2,4.7,1.9,0.4,2.7,3.1,0,0,271,27.1
5239590,Liam McNeeley,CHA,SF,ACTIVE,0.2,140.1,31,11.81,4.26,1.23,3.06,0.4,1.03,1.26,0.82,0.77,1.94,0.4,0.42,1.94,2.35,0.77,0.16,0.1,0.42,1.16,0,0,270,8.71
4065778,Max Strus,LAC,SF,OUT,1,140.5,12,24,11.17,3.92,8.83,0.44,0.58,0.75,0.78,2.75,6.83,0.4,0.75,4.67,5.42,2,0.25,0,0.75,2.83,0,0,269,22.42
4432813,Jeremiah Robinson-Earl,DAL,PF,,0.1,140,22,16.45,4.59,1.68,4.55,0.37,0.77,0.82,0.94,0.45,1.86,0.24,1.64,3.05,4.68,0.68,0.41,0.05,0.55,1.18,0,0,269,12.23
3134916,Jordan McLaughlin,SA,PG,ACTIVE,0.1,140,44,6.43,2.02,0.75,1.8,0.42,0.14,0.16,0.86,0.39,0.91,0.42,0.16,0.57,0.73,0.86,0.45,0.05,0.34,0.25,0,0,265,6.02
5170947,AJ Johnson,NO,SG,ACTIVE,0.1,140,48,9.48,3.33,1.19,3.67,0.32,0.71,0.83,0.85,0.25,1.19,0.21,0.29,0.85,1.15,0.98,0.23,0.06,0.63,0.63,0,0,263,5.48
4565201,Malaki Branham,ORL,SG,ACTIVE,0,140,28,9.86,4.57,1.54,3.25,0.47,1,1.21,0.82,0.5,1.32,0.38,0.43,1.14,1.57,0.82,0.36,0.11,0.54,0.75,0,0,255,9.11
2578239,Pat Connaughton,CHA,SG,ACTIVE,0.1,140,42,7,2.62,0.9,2.02,0.45,0.31,0.48,0.65,0.5,1.24,0.4,0.36,1.1,1.45,0.43,0.26,0.02,0.26,0.21,0,0,253,6.02
5107897,Jonathan Mogbo,SAC,PF,ACTIVE,0.1,140,40,6.28,1.52,0.65,1.1,0.59,0.23,0.35,0.64,0,0.03,0,0.47,1.23,1.7,0.63,0.28,0.2,0.35,0.65,0,0,249,6.22
4684208,Brooks Barnhizer,OKC,SF,ACTIVE,0,140,40,8.72,1.7,0.68,1.77,0.38,0.17,0.25,0.7,0.17,0.6,0.29,0.47,1.48,1.95,0.55,0.28,0.13,0.25,0.68,0,0,240,6
4277957,Isaiah Livers,FA,PF,ACTIVE,0,140,36,9.69,1.81,0.61,1.78,0.34,0.25,0.33,0.75,0.33,1.11,0.3,0.53,1.17,1.69,0.58,0.36,0.22,0.33,0.78,0,0,236,6.56
4701225,PJ Hall,CHA,PF,ACTIVE,0,140,19,11.26,4.53,1.58,3.11,0.51,1.21,1.53,0.79,0.16,0.26,0.6,1.74,2.21,3.95,0.53,0.16,0.53,0.84,1.16,1,0,235,12.37
4397886,Charles Bassey,GS,C,ACTIVE,0.2,140,13,11.77,5.85,2.38,3.62,0.66,1.08,1.54,0.7,0,0,0,1.77,2.62,4.38,0.54,0.31,0.85,0.46,1.46,2,0,233,17.92
4433136,Walker Kessler,LAL,C,DAY_TO_DAY,82.2,79,5,31,14.4,5.2,7.4,0.7,2.8,4,0.7,1.2,1.6,0.75,4.6,6.2,10.8,3,1.4,1.8,3.2,4.4,2,0,232,46.4
4066796,DeJon Jarreau,MEM,PG,,0,140,11,20.91,8,3,7.55,0.4,1.64,2.09,0.78,0.36,2.73,0.13,1.09,3.55,4.64,3.27,0.91,0.73,2.36,2.55,0,0,225,20.45
4067017,A.J. Lawson,FA,SG,ACTIVE,0,140,24,9.42,4.21,1.42,3.25,0.44,0.58,0.75,0.78,0.79,1.88,0.42,0.38,1.42,1.79,0.29,0.5,0.17,0.25,1.13,0,0,224,9.33
4066650,Zach Collins,CHI,C,DAY_TO_DAY,0.1,140,10,18.4,9.7,3.7,6.4,0.58,1.4,2,0.7,0.9,2.1,0.43,1.6,4,5.6,1.5,0.2,0.4,1,1.8,1,0,219,21.9
3442,DeAndre Jordan,NO,C,ACTIVE,0.1,140,12,16.5,4.42,1.75,2.67,0.66,0.92,1.42,0.65,0,0,0,2.17,4.17,6.33,0.92,0.33,0.83,0.75,1.33,0,0,219,18.25
4066268,Duop Reath,PHX,C,ACTIVE,0,140,32,8,2.94,1.03,2.31,0.45,0.16,0.19,0.83,0.72,1.72,0.42,0.31,0.88,1.19,0.31,0.16,0.25,0.22,0.88,0,0,214,6.69
4683834,KJ Simpson,FA,PG,ACTIVE,0,140,20,12.85,4.55,1.7,4.95,0.34,0.55,0.9,0.61,0.6,2,0.3,0.45,1.4,1.85,2.15,0.8,0,1.25,0.9,0,0,211,10.55
4431695,Drew Timme,MIN,C,ACTIVE,0,140,27,8.74,3.41,1.41,2.44,0.58,0.19,0.33,0.56,0.41,0.93,0.44,0.37,0.85,1.22,0.85,0.22,0,0.48,0.74,0,0,196,7.26
4576085,JD Davison,ORL,PG,ACTIVE,0,140,28,7.82,2.46,0.86,2.29,0.38,0.46,0.68,0.68,0.29,1.14,0.25,0.11,1.11,1.21,1.25,0.21,0.21,0.25,0.61,0,0,196,7
5159895,Yuki Kawamura,LAC,PG,ACTIVE,0.2,139.9,18,11.72,3.44,0.94,2.89,0.33,0.94,1.06,0.89,0.61,2.06,0.3,0.39,1.44,1.83,2.61,0.5,0,0.78,0.83,0,0,195,10.83
4433607,DaRon Holmes II,DEN,PF,ACTIVE,0.1,140,25,8.36,3.72,1.24,2.44,0.51,0.44,0.56,0.79,0.8,1.8,0.44,0.32,1.08,1.4,0.64,0.04,0.24,0.48,0.76,0,0,190,7.6
4432179,MarJon Beauchamp,FA,SG,ACTIVE,0,140,14,14,6.79,2.36,5.43,0.43,0.93,1.36,0.68,1.14,3.36,0.34,0.5,1.79,2.29,1.07,0.64,0.29,0.93,0.93,0,0,190,13.57
4397821,Nate Williams,FA,SG,ACTIVE,0.1,140,14,17.21,8,3.07,6.29,0.49,0.93,1.07,0.87,0.93,2.14,0.43,1.43,0.71,2.14,1,0.36,0,1.07,1.86,0,0,189,13.5
2779,Chris Paul,FA,PG,ACTIVE,5.4,139.9,16,14.25,2.94,1.13,3.5,0.32,0.06,0.13,0.5,0.63,1.88,0.33,0.38,1.38,1.75,3.31,0.69,0,1,1.44,0,0,188,11.75
4066317,Lindy Waters III,FA,SG,ACTIVE,0,140,40,7.17,2.38,0.82,2.2,0.38,0.05,0.07,0.67,0.68,1.98,0.34,0.07,0.65,0.72,0.47,0.15,0.03,0.17,0.6,0,0,183,4.58
5217746,Yang Hansen,POR,C,ACTIVE,0.7,139.9,43,7,2.21,0.72,2.33,0.31,0.65,0.79,0.82,0.12,0.98,0.12,0.47,1.07,1.53,0.51,0.07,0.23,0.74,1,0,0,174,4.05
4277964,Xavier Tillman,FA,PF,ACTIVE,0.1,140,30,6.2,1.47,0.67,1.53,0.43,0.03,0.13,0.25,0.1,0.6,0.17,0.63,0.8,1.43,0.43,0.3,0.17,0.27,0.5,0,0,166,5.53
4397882,Tolu Smith,DET,PF,ACTIVE,0,140,15,9.13,3.73,1.2,2.4,0.5,1.33,2,0.67,0,0,0,1.47,1.8,3.27,0.87,0.13,0.4,0.47,1.53,0,0,161,10.73
3102533,Thanasis Antetokounmpo,FA,SF,ACTIVE,0.3,139.8,34,4.32,1.38,0.44,0.94,0.47,0.5,0.88,0.57,0,0.12,0,0.35,0.53,0.88,0.44,0.38,0.18,0.29,0.53,0,0,160,4.71
2488653,Mason Plumlee,FA,C,ACTIVE,0.1,140,20,8.6,1.55,0.55,0.7,0.79,0.45,0.7,0.64,0,0,0,0.85,1.8,2.65,1,0.5,0,0.6,0.85,0,0,160,8
2968436,Joe Ingles,FA,SF,ACTIVE,0.1,140,27,5.63,1.52,0.59,1,0.59,0.07,0.07,1,0.26,0.59,0.44,0,0.7,0.7,1.26,0.33,0.07,0.52,0.33,1,0,159,5.89
4431941,RayJ Dennis,ATL,PG,ACTIVE,0,140,17,12.12,4.35,1.53,4.88,0.31,0.47,0.53,0.89,0.82,2.65,0.31,0.47,1.06,1.53,1.94,0.24,0.24,1,1.24,0,0,154,9.06
4706557,Chris Youngblood,POR,SG,ACTIVE,0.1,139.9,34,5.5,2.09,0.65,1.85,0.35,0.26,0.29,0.9,0.53,1.59,0.33,0.21,0.62,0.82,0.35,0.12,0.09,0.06,0.65,0,0,152,4.47
4700852,Chaz Lanier,DET,SG,ACTIVE,0,140,34,7.76,2.35,0.82,2.62,0.31,0.15,0.18,0.83,0.56,1.97,0.28,0.24,0.44,0.68,0.5,0.21,0,0.09,0.35,0,0,152,4.47
3913180,Garrison Mathews,FA,SG,ACTIVE,0,140,15,13.07,5.2,1.4,3.47,0.4,1.27,1.53,0.83,1.13,3.07,0.37,0.13,1,1.13,0.67,0.4,0.2,0.2,1.27,0,0,150,10
4683688,Dereck Lively II,DAL,C,DAY_TO_DAY,4.9,140.5,7,16.43,4.29,1.57,2.57,0.61,1.14,1.43,0.8,0,0,0,2,3.29,5.29,1.86,0.57,1.57,1.43,3,0,0,149,21.29
4411057,Kevin McCullar Jr.,NY,SF,ACTIVE,0,140,21,7.38,2.38,0.95,2.24,0.43,0.1,0.24,0.4,0.38,1.14,0.33,0.52,0.81,1.33,0.95,0.43,0,0.57,1.05,0,0,139,6.62
5091709,Lachlan Olbrich,CHI,PF,,0,140,26,6.27,1.31,0.54,1.19,0.45,0.15,0.46,0.33,0.08,0.31,0.25,0.62,1.23,1.85,0.65,0.23,0.08,0.31,1,0,0,139,5.35
5159925,Nikola Topic,OKC,PG,DAY_TO_DAY,0.2,140,10,16.1,5.2,2.2,5.1,0.43,0.2,0.5,0.4,0.6,1.5,0.4,0.7,1.2,1.9,4.4,0.5,0,2.5,1.3,2,0,138,13.8
4432735,Dariq Whitehead,FA,SF,ACTIVE,0.1,140,6,30.5,16.33,6.17,15.5,0.4,0.83,1.17,0.71,3.17,10,0.32,0.33,3.67,4,1.5,0.67,0,1.67,2.17,0,0,136,22.67
4397071,Mac McClung,FA,SG,ACTIVE,0.1,139.9,11,12.27,6.09,2.09,5.36,0.39,1.27,1.64,0.78,0.64,2.73,0.23,0.18,0.73,0.91,0.91,1,0.27,0.82,1.73,0,0,127,11.55
2326307,Seth Curry,FA,PG/SG,ACTIVE,0.7,139.6,10,13.2,7.1,2.4,4.9,0.49,1.1,1.2,0.92,1.2,2.5,0.48,0.4,0.8,1.2,1,0.3,0,0.2,0.7,0,0,125,12.5
4702745,Amari Williams,BOS,C,ACTIVE,0.1,140,22,6.59,1.36,0.45,0.91,0.5,0.45,0.64,0.71,0,0,0,0.41,1.41,1.82,0.45,0.14,0.45,0.5,0.86,0,0,125,5.68
4592216,Alondes Williams,WSH,SG,,0,140,4,25,11,4,6.5,0.62,1.75,2,0.88,1.25,3.5,0.36,1.25,5,6.25,3,0.75,0.75,1.25,1,1,0,125,31.25
5167876,Tyler Smith,FA,SF,ACTIVE,0,140,12,13.92,4.67,1.75,4.17,0.42,0.33,0.5,0.67,0.83,2.92,0.29,1,1.75,2.75,0.42,0.5,0,0.5,1.08,0,0,123,10.25
4702656,Alijah Martin,TOR,SG,ACTIVE,0,140,23,6.3,2.22,0.7,2.17,0.32,0.65,0.83,0.79,0.17,0.91,0.19,0.39,0.52,0.91,0.52,0.35,0.17,0.35,0.52,0,0,119,5.17
3209,Jeff Green,FA,PF,ACTIVE,0,140.1,30,5.87,2.23,0.83,2.27,0.37,0.17,0.17,1,0.4,1.47,0.27,0.23,0.6,0.83,0.27,0.07,0.07,0.13,0.4,0,0,117,3.9
5060631,Adou Thiero,LAL,SF,ACTIVE,0.1,140,25,6.04,1.88,0.64,1.24,0.52,0.56,0.88,0.64,0.04,0.12,0.33,0.36,0.76,1.12,0.4,0.28,0.08,0.36,0.76,0,0,116,4.64
4433268,Trey Alexander,UTAH,SG,ACTIVE,0,140,9,12.33,5.22,2.11,4.11,0.51,0.33,0.56,0.6,0.67,1.33,0.5,0.11,1.11,1.22,1,0.67,0.22,0.33,1.44,0,0,108,12
4713010,David Jones Garcia,SA,SF,DAY_TO_DAY,0,140,11,6.36,2.91,1.18,2.27,0.52,0.27,0.55,0.5,0.27,0.45,0.6,0.36,0.82,1.18,1.64,0.55,0.09,0.45,0.55,0,0,104,9.45
4395620,Hunter Tyson,FA,SF,ACTIVE,0,140,21,7.71,2.19,0.67,2.48,0.27,0.52,0.62,0.85,0.33,1.57,0.21,0.19,1.52,1.71,0.81,0.1,0.05,0.24,0.62,0,0,103,4.9
5211983,Pacome Dadiet,NY,SF,ACTIVE,0.2,140,29,4.76,1.66,0.55,1.66,0.33,0.31,0.38,0.82,0.24,1.1,0.22,0.14,0.79,0.93,0.41,0.1,0.03,0.1,0.28,0,0,102,3.52
4696317,Miles Kelly,GS,PG,ACTIVE,0,140,14,9.64,3.07,1.14,3.14,0.36,0.07,0.07,1,0.71,2.36,0.3,0.36,1.36,1.71,0.86,0.29,0.07,0.43,0.86,0,0,102,7.29
3059409,Nigel Hayes-Davis,FA,SF,ACTIVE,0.1,140,27,7.19,1.26,0.56,1.7,0.33,0.07,0.15,0.5,0.07,0.59,0.13,0.44,0.78,1.22,0.26,0.3,0.07,0.3,0.59,0,0,101,3.74
4997539,Luke Travers,FA,SG,ACTIVE,0,140,12,8.75,2.33,0.75,3,0.25,0.75,0.75,1,0.08,1.33,0.06,0.75,1.25,2,0.75,0.58,0.33,0.25,0.5,0,0,100,8.33
4433246,Patrick Baldwin Jr.,FA,SF,ACTIVE,0,140,9,11.44,3.67,1.22,3,0.41,0.56,0.78,0.71,0.67,1.56,0.43,1.33,1.22,2.56,0.56,0.33,0.56,0.56,1.67,0,0,99,11
4593041,David Roddy,FA,PF,ACTIVE,0,140,5,14.6,8,3,6,0.5,1.4,1.4,1,0.6,2.2,0.27,1.6,2.4,4,0.8,0.8,0.2,0.4,1.4,1,0,98,19.6
4291678,Haywood Highsmith,PHX,SF,ACTIVE,0,140,7,13,5.43,1.71,3.29,0.52,0.86,1,0.86,1.14,2,0.57,0.86,1,1.86,1,0.57,0,0,1.29,0,0,95,13.57
3986,Taj Gibson,FA,PF,ACTIVE,0.1,140,10,9.7,3.4,1.2,2.6,0.46,0.7,0.8,0.88,0.3,0.6,0.5,1.1,1.6,2.7,0.6,0.2,0.1,0.1,1.4,0,0,94,9.4
4683749,TyTy Washington Jr.,FA,PG,ACTIVE,0,140,16,5.38,1.31,0.56,1.19,0.47,0,0,0,0.19,0.5,0.38,0.06,0.31,0.38,1.06,0.38,0.19,0.19,0.44,0,0,94,5.88
4431734,Tristan Enaruna,CLE,SF,ACTIVE,0,140,9,9.56,4.11,1.56,3.11,0.5,0.67,0.89,0.75,0.33,1.11,0.3,0.78,0.78,1.56,0.78,0.56,0,0.33,0.33,0,0,87,9.67
3948153,Chris Boucher,FA,PF/C,ACTIVE,0.3,140,9,10.44,2.33,0.89,2.78,0.32,0.33,0.44,0.75,0.22,1.67,0.13,0.22,1.78,2,0.33,0.56,0.78,0.11,1.89,0,0,85,9.44
4433623,Caleb Houstan,NO,SF,ACTIVE,0,140,18,4.17,2.33,0.78,1.44,0.54,0.17,0.17,1,0.61,1.17,0.52,0.28,0.33,0.61,0.22,0.11,0.06,0.22,0.61,0,0,83,4.61
4591259,Koby Brea,PHX,SG,ACTIVE,0.1,140,12,7.08,3.75,1.25,3,0.42,0.17,0.17,1,1.08,2.5,0.43,0.08,0.58,0.67,0.83,0.08,0,0.33,0.5,0,0,77,6.42
3074213,Omer Yurtseven,FA,C,ACTIVE,0.1,139.9,9,11.56,3.78,1.22,2.89,0.42,1.33,2,0.67,0,0.44,0,1.44,1.89,3.33,0.89,0.22,0.11,1,1.67,0,0,77,8.56
4432817,Johnny Juzang,FA,SG,ACTIVE,0,140,21,4.14,2.05,0.76,1.81,0.42,0.24,0.38,0.63,0.29,1.14,0.25,0.24,0.57,0.81,0.29,0.1,0.05,0.24,0.14,0,0,76,3.62
4683736,Kobe Bufkin,NO,PG,ACTIVE,0.1,140,16,7.44,2.88,0.94,3.13,0.3,0.69,0.75,0.92,0.31,1.63,0.19,0.06,0.75,0.81,0.63,0.13,0.19,0.31,0.56,0,0,74,4.63
4898369,Curtis Jones,CLE,SG,ACTIVE,0,140,10,8.7,2.9,1.1,2.7,0.41,0.1,0.2,0.5,0.6,1.8,0.33,0.2,0.9,1.1,1,0.4,0,0.2,0.6,0,0,74,7.4
6427,Bismack Biyombo,FA,C,ACTIVE,0.1,140,25,5.76,0.92,0.36,0.6,0.6,0.2,0.28,0.71,0,0,0,0.2,0.84,1.04,0.2,0.16,0.08,0.32,1.08,0,0,73,2.92
5177362,Riley Minix,CLE,SF,ACTIVE,0,140,9,6.56,3.89,1.56,2.56,0.61,0.33,0.33,1,0.44,1.33,0.33,0.22,0.44,0.67,0.56,0.22,0.11,0.33,0.56,0,0,68,7.56
4432068,Josh Oduro,FA,C,ACTIVE,0,140,3,27,8.33,3.67,5.67,0.65,1,2,0.5,0,0.67,0,3.67,4,7.67,1.33,0,0,0.67,4.67,1,0,68,22.67
4592857,Isaiah Crawford,HOU,SF,ACTIVE,0,140,14,6.71,2,0.71,1.71,0.42,0.36,0.43,0.83,0.21,0.93,0.23,0.21,0.93,1.14,0.36,0.14,0.21,0.29,0.29,0,0,67,4.79
3431,Eric Gordon,FA,SG,ACTIVE,0.1,140,6,12.33,5.5,2,3.5,0.57,0.17,0.33,0.5,1.33,2.33,0.57,0.17,0.17,0.33,0.5,0.67,0.17,0.5,0.5,0,0,66,11
6580,Bradley Beal,LAC,SG/SF,DAY_TO_DAY,2.9,140.6,6,20.17,8.17,3,8,0.38,1,1.33,0.75,1.17,3.17,0.37,0.33,0.5,0.83,1.67,0.5,0,1.5,2.33,0,0,63,10.5
3913220,DaQuan Jeffries,SAC,SG,,0,140,3,20,10.33,3.67,6.33,0.58,1.67,1.67,1,1.33,3,0.44,1,0.67,1.67,0.33,0.67,0,0,3,0,0,56,18.67
4278046,Olivier Sarr,FA,C,ACTIVE,0,140,4,9.75,3.5,1.25,1.75,0.71,0.5,1.25,0.4,0.5,0.75,0.67,0.5,2.25,2.75,1.25,0.5,0.75,0.5,2.25,0,0,55,13.75
4596528,Lawson Lovering,FA,C,ACTIVE,0,140,2,25,7,3,5,0.6,1,2.5,0.4,0,0,0,3,4.5,7.5,1.5,1.5,0.5,1,3.5,1,0,55,27.5
5157587,Rocco Zikarsky,MIN,C,ACTIVE,0.1,139.9,5,7.4,2.8,1,1.6,0.63,0.8,0.8,1,0,0,0,0.4,2.4,2.8,0.4,0,1,0.2,0.6,0,0,54,10.8
4592686,Antonio Reeves,MIN,SG,ACTIVE,0,140,10,6.9,2.7,1,2,0.5,0,0,0,0.7,1.3,0.54,0.2,0.6,0.8,0.3,0.1,0,0.1,0.3,0,0,52,5.2
4277919,Mo Bamba,UTAH,C,ACTIVE,0.2,139.9,4,11,2.5,1.25,2.75,0.45,0,0,0,0,0,0,2.5,3,5.5,0.25,0,0.75,0.5,1.5,0,0,51,12.75
4906923,Bobi Klintman,FA,PF,ACTIVE,0,140,12,6.17,1.83,0.75,2.25,0.33,0,0.25,0,0.33,1.08,0.31,0.42,1.17,1.58,0.5,0.25,0,0.5,0.92,0,0,50,4.17
4432117,Isaiah Stevens,FA,PG,ACTIVE,0,140,3,14.33,3.33,1,2.33,0.43,1.33,1.33,1,0,0.33,0,0.67,0.33,1,3.33,1.67,0,0.67,0.67,0,0,50,16.67
4397885,Dalano Banton,FA,PG,ACTIVE,0.1,140,6,10.33,2,0.67,2,0.33,0.67,0.67,1,0,0.17,0,0.33,0.5,0.83,1.83,0.33,0.83,1.33,0.5,0,0,49,8.17
4023,Garrett Temple,TOR,SG,ACTIVE,0.1,140,22,3.32,0.77,0.18,0.68,0.27,0.27,0.41,0.67,0.14,0.55,0.25,0.05,0.36,0.41,0.41,0.18,0.09,0.32,0.27,0,0,48,2.18
4702972,Chris Manon,LAL,SG,ACTIVE,0,140,9,5.22,0.78,0.22,0.67,0.33,0.33,0.44,0.75,0,0.33,0,0.22,0.89,1.11,0.33,0.56,0.22,0.11,0.67,0,0,48,5.33
4592699,Enrique Freeman,MIN,PF,ACTIVE,0,140,4,9.25,3.25,1,2,0.5,0.75,1,0.75,0.5,1,0.5,0.5,2,2.5,0.5,0.5,0.75,0.5,1.25,0,0,46,11.5
4597259,Javonte Cooke,FA,SG,ACTIVE,0,140,19,4.95,1.21,0.47,2.16,0.22,0.11,0.11,1,0.16,1.21,0.13,0.21,0.79,1,0.37,0.32,0,0.47,0.32,0,0,46,2.42
4433133,Jahmir Young,MIA,PG,ACTIVE,0.1,139.9,14,4.14,1.79,0.71,1.79,0.4,0.14,0.14,1,0.21,0.64,0.33,0.14,0.14,0.29,0.64,0.07,0,0.21,0.5,0,0,45,3.21
3936296,Skal Labissiere,WSH,PF,,0,140,3,12.67,4.33,2,3.33,0.6,0,0,0,0.33,1.67,0.2,1,2,3,1,0.67,0.33,0.33,1,0,0,44,14.67
4395623,Trey Jemison III,TOR,C,ACTIVE,0,140,13,6.31,1,0.46,0.77,0.6,0.08,0.08,1,0,0,0,0.62,0.77,1.38,0.38,0.08,0.15,0.77,0.85,0,0,43,3.31
3012,Kyle Lowry,PHI,PG,ACTIVE,0.2,140,14,8.36,1.21,0.29,1.79,0.16,0.36,0.43,0.83,0.29,1.79,0.16,0,0.64,0.64,0.79,0.14,0.14,0.29,0.57,0,0,42,3
3059310,Monte Morris,FA,PG,ACTIVE,0,140,6,10.67,3,1.17,3.33,0.35,0.33,0.67,0.5,0.33,1.33,0.25,0.17,1,1.17,1.5,0.17,0.17,0.33,0.5,0,0,42,7
4702134,Norchad Omier,MIN,PF,ACTIVE,0,140,6,3.83,2.83,1.17,1.67,0.7,0.5,0.5,1,0,0.17,0,0.67,0.5,1.17,0.33,0.17,0,0,0.67,0,0,40,6.67
4592187,Wendell Moore Jr.,FA,SF,ACTIVE,0,140,6,10,1.67,0.67,1.17,0.57,0.33,0.33,1,0,0.17,0,0.17,0.83,1,0.67,0.33,0.33,0.17,0.5,0,0,40,6.67
4433569,Johni Broome,FA,PF,ACTIVE,0.1,140,11,5,0.91,0.36,2.18,0.17,0.18,0.55,0.33,0,0.45,0,0.64,0.82,1.45,0.36,0.27,0.18,0.27,0.64,0,0,35,3.18
4432872,Emanuel Miller,DEN,PF,ACTIVE,0,140,5,6.6,3,1.2,2.6,0.46,0.2,0.4,0.5,0.4,1.2,0.33,0.2,0.4,0.6,0.8,0.4,0,0,0.4,0,0,35,7
4702159,Dillon Jones,PHI,SF,ACTIVE,0,140,7,5.57,1.29,0.29,1.29,0.22,0.57,0.57,1,0.14,0.71,0.2,0.29,0.71,1,0.57,0.43,0,0,0.86,0,0,34,4.86
4700818,Vladislav Goldin,MIA,C,ACTIVE,0,140,9,2.56,0.78,0.33,0.44,0.75,0.11,0.11,1,0,0,0,0.33,0.67,1,0.33,0,0.33,0.33,0.56,0,0,33,3.67
3138161,Cody Martin,IND,SG,,0,140,4,13.75,1.75,0.5,2.5,0.2,0.75,1.5,0.5,0,1.25,0,0.25,3.25,3.5,0.5,1,0.5,1,1.25,0,0,33,8.25
4593043,John Tonje,POR,SF,ACTIVE,0,140,6,7,2.5,0.67,2.33,0.29,0.67,0.67,1,0.5,1.67,0.3,0,1,1,0.33,0.33,0,0,0.83,0,0,30,5
4702602,CJ Huntley,PHX,SF,ACTIVE,0,140,4,10,3,1.5,2.75,0.55,0,0,0,0,0.75,0,0.5,0.75,1.25,0.5,0.25,0,0,0.5,0,0,28,7
4432452,Alex Antetokounmpo,FA,SF,ACTIVE,0.1,139.9,6,3.33,3.17,0.5,1.33,0.38,1.83,2.5,0.73,0.33,1.17,0.29,0.33,0.67,1,0.17,0,0.17,0.17,0.17,0,0,27,4.5
4432808,James Wiseman,NY,C,ACTIVE,0.1,140,4,14.75,3.25,1.5,2.5,0.6,0.25,0.5,0.5,0,0,0,1.25,0.75,2,0.75,0,0.25,1.25,2.5,0,0,27,6.75
4432180,Hunter Dickinson,FA,C,ACTIVE,0,140,5,8.6,2.4,1,2.8,0.36,0.4,0.4,1,0,0.8,0,0.4,0.6,1,0.4,0.2,0.4,0.6,1.2,0,0,25,5
4593049,Orlando Robinson,CHI,C,ACTIVE,0,140,4,6.25,1.75,0.75,1.25,0.6,0,0,0,0.25,0.5,0.5,0.5,0.5,1,0.75,0.25,0,0,0.75,0,0,25,6.25
4397689,Drew Peterson,CHI,SF,ACTIVE,0,140,6,10.83,0.83,0.33,2.67,0.13,0.17,0.33,0.5,0,2,0,0.5,1,1.5,0.33,0.5,0.17,0,0.5,0,0,24,4
4433618,Harrison Ingram,UTAH,SF,ACTIVE,0,140,7,3.71,1.57,0.71,0.86,0.83,0,0,0,0.14,0.14,1,0.43,0,0.43,0.14,0,0,0.14,0.29,0,0,22,3.14
4703530,Mark Sears,FA,PG,ACTIVE,0,140,7,3.71,3.14,0.86,1.86,0.46,0.86,1.14,0.75,0.57,1.14,0.5,0.14,0.14,0.29,0.29,0,0,0.57,0.57,0,0,22,3.14
4592965,Tristen Newton,SAC,PG,ACTIVE,0,140,1,12,12,4,9,0.44,2,3,0.67,2,5,0.4,2,1,3,0,1,0,0,0,0,0,21,21
4433622,Chris Livingston,WSH,SF,ACTIVE,0,140,3,5.67,3,1.33,2.33,0.57,0.33,0.33,1,0,1,0,0,1,1,0.33,0.33,0,0,1.33,0,0,19,6.33
5107818,Isaac Jones,DET,PF,ACTIVE,0,140,7,5.14,1.29,0.43,1,0.43,0.43,0.57,0.75,0,0.29,0,0.29,0.43,0.71,0.14,0,0.14,0.14,0.57,0,0,18,2.57
4592401,N'Faly Dante,FA,C,OUT,0,140,4,4,0.75,0.25,1,0.25,0.25,0.25,1,0,0,0,0.75,1,1.75,0,0.5,0,0.25,0.25,0,0,17,4.25
4592461,Jacob Toppin,FA,SF,DAY_TO_DAY,0,140,5,3.4,1.6,0.8,1.2,0.67,0,0,0,0,0,0,0,0.2,0.2,0.2,0,0.2,0,0.2,0,0,17,3.4
4397204,Colin Castleton,ORL,C,ACTIVE,0,140,4,5.25,1.25,0.5,1.25,0.4,0.25,0.25,1,0,0,0,0.5,1.5,2,0.25,0.25,0,0.5,0.5,0,0,16,4
4701992,Max Shulga,FA,PG,ACTIVE,0,140,11,3.36,0.64,0.18,0.73,0.25,0.18,0.18,1,0.09,0.36,0.25,0.27,0.27,0.55,0.18,0.09,0,0.27,0.91,0,0,15,1.36
4066636,Markelle Fultz,TOR,PG,,0,140,5,7,0.8,0.4,2.2,0.18,0,0,0,0,0,0,0,0.2,0.2,1.6,0.4,0,0.8,0.4,0,0,14,2.8
4432645,Trevor Keels,WSH,SG,ACTIVE,0,140,8,1.75,1,0.38,1.5,0.25,0,0,0,0.25,1.13,0.22,0,0.25,0.25,0,0.13,0,0,0,0,0,10,1.25
4433281,Hunter Sallis,FA,SG,ACTIVE,0,140,7,3.57,1,0.43,0.71,0.6,0.14,0.29,0.5,0,0,0,0,0.14,0.14,0.57,0,0.14,0.71,0.29,0,0,10,1.43
3032978,Dario Saric,DET,PF,,0.1,140,5,8,1,0.2,1.2,0.17,0.4,0.4,1,0.2,0.6,0.33,0.2,1,1.2,0.4,0,0,0.4,0.6,0,0,9,1.8
4433378,Colby Jones,FA,SG,ACTIVE,0,140,1,7,2,1,3,0.33,0,0,0,0,2,0,0,4,4,2,0,0,0,1,0,0,9,9
4279532,Stanley Umude,FA,SG,ACTIVE,0,140,2,3,1,0.5,1,0.5,0,0,0,0,0.5,0,0,0,0,0.5,0.5,0,0,1,0,0,8,4
5165257,Trentyn Flowers,CHI,SF,,0,140,2,2.5,2,1,1.5,0.67,0,0,0,0,0.5,0,0.5,0,0.5,0.5,0,0,0.5,0.5,0,0,7,3.5
4597865,Tosan Evbuomwan,FA,SF,ACTIVE,0,140,5,1.6,0,0,0.2,0,0,0,0,0,0,0,0.2,0.2,0.4,0,0,0,0,0.2,0,0,2,0.4
5242496,Noa Essengue,CHI,PF,ACTIVE,0.3,140,2,3,0,0,1.5,0,0,0,0,0,1,0,0,0,0,0,0.5,0,0,0.5,0,0,1,0.5
4590360,Chucky Hepburn,TOR,PG,ACTIVE,0,140,2,6.5,0,0,3,0,0,0,0,0,2.5,0,0,0.5,0.5,1,0.5,0,0.5,1,0,0,1,0.5
4702785,Jahmyl Telfort,FA,PF,ACTIVE,0,140,8,4.25,0.13,0,0.5,0,0.13,0.5,0.25,0,0.5,0,0,0.38,0.38,0.13,0.13,0,0.13,0.63,0,0,1,0.13
6606,Damian Lillard,POR,PG,ACTIVE,85.7,70.9,1,0,0,0,0,0,0,0,0,0,0,0,0,0,0,0,0,0,0,0,0,0,0,0
