PlayerID,Player,Team,Pos,Injury,%Own,ADP,P_GP,P_MIN,P_PTS,P_FGM,P_FGA,P_FG%,P_FTM,P_FTA,P_FT%,P_3PM,P_3PA,P_3P%,P_REB,P_AST,P_STL,P_BLK,P_TO,P_FPTS,P_FPTS_AVG
3112335,Nikola Jokic,DEN,C,ACTIVE,99.9,1.5,72,35.6,28.25,10.58,18.4,0.57,5.39,6.6,0.82,1.69,4.31,0.39,12.69,10.1,1.6,0.81,3.4,4838,67.19
4278073,Shai Gilgeous-Alexander,OKC,PG,DAY_TO_DAY,99.9,3,76,33.8,31.25,10.88,20.3,0.54,7.78,8.8,0.88,1.71,4.61,0.37,4.89,6.39,1.7,0.89,2.3,4320,56.84
3945274,Luka Doncic,LAL,PG,DAY_TO_DAY,99.9,3.6,68,36.7,33.01,10.93,22.9,0.48,7.21,9.21,0.78,3.96,10.6,0.37,8.5,8.9,1.6,0.5,4,4123,60.63
5104157,Victor Wembanyama,SA,C,ACTIVE,99.9,3.1,67,31.9,26.33,9.19,18.3,0.5,5.76,7,0.82,2.18,6.3,0.35,12.19,3.51,1.1,3.51,2.9,3968,59.22
3032977,Giannis Antetokounmpo,MIA,PF/C,ACTIVE,99.9,5.7,67,33.6,32.06,12.04,19.3,0.62,7.48,11.51,0.65,0.49,1.51,0.33,11.4,6.3,1.1,0.81,3.7,3856,57.55
4701230,Jalen Johnson,ATL,PF,ACTIVE,98.8,8.7,72,36.7,22.99,8.57,17.5,0.49,4.17,5.31,0.79,1.68,4.81,0.35,10.6,7.9,1.31,0.5,3.4,3599,49.99
4432166,Cade Cunningham,DET,PG,ACTIVE,99.8,8,69,34.8,24.62,8.9,19.3,0.46,4.83,5.9,0.82,2,5.8,0.34,5.59,9.8,1.41,0.8,3.8,3481,50.45
4594268,Anthony Edwards,MIN,SG/SF,ACTIVE,99.9,7.2,72,35.8,30.31,10.28,21.4,0.48,6.11,7.6,0.81,3.64,9.19,0.4,5.19,4,1.31,0.81,3,3402,47.25
4065648,Jayson Tatum,BOS,SF/PF,ACTIVE,99.8,9.2,70,36.2,26.7,9.13,20.1,0.45,5.07,6.2,0.82,3.37,9.7,0.35,8.6,5.8,1.1,0.5,2.8,3367,48.1
3908809,Donovan Mitchell,CLE,PG/SG,ACTIVE,99.8,11.3,71,33.9,26.79,9.25,19.9,0.47,4.96,5.8,0.85,3.32,9.1,0.37,4.8,5.7,1.61,0.3,2.61,3300,46.48
3155942,Domantas Sabonis,SAC,PF/C,ACTIVE,98.1,16.9,69,34.8,18.94,7.51,12.8,0.59,3.33,4.59,0.72,0.59,1.59,0.38,13.59,6.8,0.8,0.51,3.1,3222,46.7
4431678,Tyrese Maxey,PHI,PG/SG,DAY_TO_DAY,99.8,12.9,71,34.2,24.83,8.7,19.1,0.46,4.61,5.2,0.89,2.82,7.8,0.36,3.51,5.8,1.61,0.61,2.1,3204,45.13
3934672,Jalen Brunson,NY,PG,ACTIVE,99.8,13.1,72,35.3,26.92,9.51,20,0.48,5.28,6.31,0.84,2.61,6.81,0.38,3.31,6.9,0.9,0.1,2.4,3156,43.83
4277905,Trae Young,WSH,PG,ACTIVE,97.7,22.7,71,34.5,23.83,7.35,17.51,0.42,6.23,7.2,0.86,2.9,8.2,0.35,2.8,10.8,1.2,0.2,4.3,3149,44.35
4433134,Scottie Barnes,TOR,SG/SF,ACTIVE,99.5,16.1,72,33.8,18.82,7.26,15,0.48,3.25,4.1,0.79,1.04,3.5,0.3,7.69,6,1.4,1.31,2.69,3145,43.68
4871145,Josh Giddey,CHI,PG/SG,ACTIVE,97.4,23.3,68,35.5,18.5,6.56,14.5,0.45,3.37,4.4,0.77,2.01,5.5,0.36,9.21,9.6,1.21,0.6,3.79,3139,46.16
4684740,Amen Thompson,HOU,SG/SF,ACTIVE,99.6,20.2,78,36.5,17.71,6.85,12.79,0.54,3.71,4.79,0.77,0.31,1.4,0.22,7.71,5.1,1.5,0.71,2.29,3117,39.96
3136193,Devin Booker,PHX,PG/SG,ACTIVE,99.8,21.2,72,35.8,26.46,8.94,19.1,0.47,6.36,7.19,0.88,2.21,6.5,0.34,4.19,6.69,0.9,0.31,2.9,3113,43.24
4396993,Tyrese Haliburton,IND,PG/SG,ACTIVE,94.3,19.2,64,33.1,19.16,6.8,14.3,0.47,2.64,3.09,0.85,2.92,7.7,0.38,3.7,9.91,1.3,0.7,1.91,3112,48.63
4871144,Alperen Sengun,HOU,C,ACTIVE,98.5,24.2,72,32.7,20.03,7.92,15.4,0.51,3.74,5.4,0.69,0.46,1.6,0.29,9.4,5.69,1.19,1,2.9,3097,43.01
3202,Kevin Durant,HOU,SF/PF,ACTIVE,99.8,19.5,72,34.6,24.99,9,17.19,0.52,4.72,5.5,0.86,2.26,5.4,0.42,5.6,4.4,0.81,1,3,3089,42.9
3136195,Karl-Anthony Towns,NY,C,ACTIVE,99.8,21.1,70,32.7,21.94,7.76,15.2,0.51,4.6,5.4,0.85,1.83,4.6,0.4,11.2,4.4,0.9,0.6,2.6,3086,44.09
3992,James Harden,CLE,PG/SG,ACTIVE,99.5,28.3,73,33.6,20.58,6.07,14.3,0.42,5.63,6.4,0.88,2.81,7.6,0.37,5,8.1,1.21,0.6,3.4,3072,42.08
5041939,Cooper Flagg,DAL,SF/PF,ACTIVE,99.8,17.4,72,35.5,22.26,8.43,18,0.47,4.31,5.19,0.83,1.1,3.69,0.29,7,4.81,1.31,1,2.4,3050,42.36
3149673,Pascal Siakam,IND,PF,ACTIVE,98.9,30.4,74,34.8,22.8,8.78,17.09,0.51,3.68,5.09,0.72,1.55,4.2,0.37,7.3,4,1,0.5,1.8,3042,41.11
4433621,Jalen Duren,DET,C,DAY_TO_DAY,93.5,33.4,72,31,20.25,7.79,11.9,0.66,4.67,6.31,0.74,,,,11.69,2.31,0.9,1,2,3039,42.21
4432816,LaMelo Ball,MIN,PG,ACTIVE,99.4,25.5,68,31.8,23.09,8.06,19.79,0.41,2.75,3.1,0.89,4.22,11.6,0.36,5.4,8,1.29,0.29,3.21,3034,44.62
3936299,Jamal Murray,DEN,PG,ACTIVE,98.8,32.6,69,35,23.06,8.29,17.3,0.48,3.71,4.2,0.88,2.77,6.59,0.42,4.1,6.59,1.1,0.51,2.2,3031,43.93
6583,Anthony Davis,WSH,PF/C,ACTIVE,98.5,31.8,61,32.2,22.59,8.61,16,0.54,4.93,6.2,0.8,0.44,1.61,0.28,11.39,3.2,1.1,2.1,2,3023,49.56
4683021,Deni Avdija,POR,SF/PF,ACTIVE,93.9,35,72,33.7,23.03,7.24,15.5,0.47,6.69,8.4,0.8,1.86,5.69,0.33,7.19,6.31,0.81,0.6,3.6,2907,40.38
4066261,Bam Adebayo,MIA,PF/C,ACTIVE,99.2,28.8,73,32.4,20.15,6.95,15.7,0.44,4.51,5.79,0.78,1.75,5.51,0.32,10,3.21,1.21,0.7,1.6,2893,39.63
6450,Kawhi Leonard,TOR,SF/PF,DAY_TO_DAY,97.5,30.5,63,32.8,25.06,9.17,18,0.51,4.4,5,0.88,2.32,5.79,0.4,6.21,3.51,1.7,0.6,1.9,2882,45.75
4593803,Jalen Williams,OKC,SF/PF,DAY_TO_DAY,98.1,37.7,70,32.8,20.63,7.96,15.8,0.5,3.24,4,0.81,1.47,3.9,0.38,4.9,5.3,1.4,0.6,2,2867,40.96
4432158,Evan Mobley,CLE,PF/C,ACTIVE,98.7,36.5,66,33.3,18.92,7.47,13.39,0.56,3.02,4.5,0.67,0.97,2.89,0.33,9.8,3.61,0.89,1.7,2,2860,43.33
3078576,Derrick White,BOS,PG/SG,ACTIVE,95.1,40.3,77,34.3,16.56,5.69,14.19,0.4,2.32,2.6,0.89,2.86,8.51,0.34,4.51,5.3,1.1,1.19,1.81,2850,37.01
3975,Stephen Curry,GS,PG,DAY_TO_DAY,99.5,28.4,66,32,25.79,8.48,18.7,0.45,4.26,4.61,0.93,4.56,11.39,0.4,4.2,5.3,1,0.39,2.8,2841,43.05
4396907,Darius Garland,LAC,PG,ACTIVE,88.5,49.7,69,35.2,21.62,7.84,17,0.46,3.01,3.51,0.86,2.93,7.51,0.39,3,7.41,1.3,0.2,3.1,2786,40.38
5061575,Kon Knueppel,CHA,SG/SF,DAY_TO_DAY,91.3,42.9,78,34.2,20.01,6.88,14.5,0.47,2.59,3,0.86,3.65,8.6,0.42,5.79,3.71,0.79,0.29,2.21,2783,35.68
4066457,Austin Reaves,LAL,PG/SG,DAY_TO_DAY,96,39.6,67,36.6,23.42,7.45,15.4,0.48,6.01,6.9,0.87,2.51,6.9,0.36,4.9,5.9,1.1,0.4,3,2764,41.25
4066320,Desmond Bane,ORL,SG/SF,ACTIVE,94.4,49.8,72,33.7,20.68,7.44,15.5,0.48,3.42,3.81,0.9,2.38,6.1,0.39,4.81,4.81,1.1,0.5,2.31,2754,38.25
3917376,Jaylen Brown,PHI,SG/SF,ACTIVE,99.6,32.8,71,32.4,23.93,8.87,18.51,0.48,4.3,5.61,0.77,1.89,5.51,0.34,5.9,4.3,1.1,0.39,2.8,2741,38.61
1966,LeBron James,PHI,SF/PF,DAY_TO_DAY,99.3,36.8,64,30.7,21.05,7.94,15.2,0.52,3.55,4.7,0.76,1.63,4.41,0.37,6.3,7,1,0.5,3,2719,42.48
4066259,De'Aaron Fox,SA,PG/SG,ACTIVE,95.3,53.1,71,31.3,20.63,7.69,16.3,0.47,3.24,4.2,0.77,2.01,5.9,0.34,4,5.61,1.39,0.3,2.3,2709,38.15
3147657,Mikal Bridges,NY,SG/SF,ACTIVE,91.3,51.9,82,33.6,15.2,6.05,12.4,0.49,1.15,1.4,0.82,1.95,5.3,0.37,3.7,3.7,1.2,0.7,1.2,2693,32.84
4432573,Paolo Banchero,ORL,SF/PF,ACTIVE,98.3,42,69,35.2,23.42,7.99,17.51,0.46,6.01,8,0.75,1.43,4.51,0.32,7.9,5.2,0.8,0.59,3.1,2691,39
4278039,Nickeil Alexander-Walker,ATL,PG/SG,ACTIVE,82.4,55.6,79,32.3,19.15,6.49,14.2,0.46,3.14,3.51,0.9,3.03,7.59,0.4,3.41,3.51,1.2,0.51,1.9,2690,34.05
4278104,Michael Porter Jr.,BKN,SF/PF,ACTIVE,92.3,52.8,69,33.5,23.51,8.39,17.9,0.47,3.41,4,0.85,3.32,9,0.37,7.2,2.9,1,0.3,2.2,2686,38.93
4869342,Dyson Daniels,ATL,PG/SG,ACTIVE,90,60.4,75,32.4,11.73,5.19,10.11,0.51,0.99,1.6,0.61,0.37,1.71,0.22,6.51,5.6,2,0.4,1.71,2674,35.65
4066336,Lauri Markkanen,UTAH,SF/PF,DAY_TO_DAY,87.6,55.6,69,34,23.83,8.03,17.3,0.46,4.72,5.3,0.89,3.04,8.3,0.37,7.2,1.9,0.9,0.51,1.51,2667,38.65
3064514,Julius Randle,BKN,PF,ACTIVE,87.4,60.4,72,34.3,22.04,7.82,16.4,0.48,4.83,6.1,0.79,1.57,4.9,0.32,8.1,5,0.69,0.19,3.1,2667,37.04
3907497,Dejounte Murray,NO,PG/SG,ACTIVE,72.3,68.6,68,32.4,19.53,7.38,16.5,0.45,2.68,3.29,0.81,2.09,6.1,0.34,5.4,6.4,1.5,0.29,2.79,2655,39.04
4845367,Stephon Castle,SA,PG/SG,ACTIVE,92.9,49.8,72,32.7,18.14,6.21,13.4,0.46,4.4,6,0.73,1.32,4.1,0.32,5.6,7.6,1.19,0.31,3.4,2654,36.86
4066328,Jarrett Allen,CLE,C,ACTIVE,88,66.3,71,30.3,15.77,6.37,9.7,0.66,3.04,4.2,0.72,,0.1,0.06,10,2.2,0.9,1,1.39,2617,36.86
6442,Kyrie Irving,DAL,PG,ACTIVE,86.8,60.1,59,34.6,24.58,9.14,18.8,0.49,3.46,3.8,0.91,2.85,7,0.41,4.8,4.8,1.31,0.51,2,2608,44.2
4395725,Tyler Herro,MIL,PG/SG,ACTIVE,85.3,67.1,67,34,22.54,8.15,17.1,0.48,3.34,3.7,0.9,2.9,7.7,0.38,5.1,4.7,0.81,0.3,2.19,2600,38.81
4396971,Naz Reid,CHA,PF/C,ACTIVE,82.8,66.2,76,30.3,15.87,6,13.11,0.46,1.41,1.89,0.74,2.46,6.7,0.37,7.11,2.5,1.11,1.11,1.8,2590,34.08
3913176,Brandon Ingram,LAC,SF/PF,OUT,81.6,79.9,67,35.3,22.55,8.45,17.6,0.48,3.91,4.81,0.82,1.75,4.7,0.37,5.7,4.81,0.81,0.7,2.81,2575,38.43
4395628,Zion Williamson,NO,PF/C,ACTIVE,91.9,66.8,64,30.9,22.84,8.73,15,0.58,5.31,7.59,0.7,0.06,0.2,0.28,6.09,4.3,1.09,0.7,2.5,2558,39.97
4566434,Franz Wagner,ORL,SF/PF,ACTIVE,88.8,71.1,66,34,22.55,8.24,17.39,0.47,4.5,5.3,0.85,1.56,5.2,0.3,5.7,4.2,1.2,0.39,2.11,2550,38.64
4433287,Brandon Miller,CHA,SG/SF,DAY_TO_DAY,81.9,70.1,68,34,22.28,7.75,17.9,0.43,3.28,3.71,0.89,3.5,9.21,0.38,5.4,3.71,1.1,0.71,2.79,2544,37.41
6606,Damian Lillard,POR,PG,ACTIVE,85.7,70.9,65,31.4,21.66,6.63,15.11,0.44,5.52,6,0.92,2.88,7.8,0.37,4,6.2,1,0.2,2.4,2510,38.62
4431680,Onyeka Okongwu,ATL,C,ACTIVE,80.3,79.5,72,30.6,14.96,5.54,11.31,0.49,2.13,2.81,0.76,1.75,4.69,0.37,7.81,3,1.1,1,1.6,2506,34.81
4433627,Keyonte George,UTAH,PG/SG,ACTIVE,79.8,75.7,68,33.2,22.26,7.04,15.9,0.44,5.63,6.4,0.88,2.54,7,0.36,3.71,6.1,1,0.21,3.1,2500,36.76
4397688,Trey Murphy III,NO,SG/SF,ACTIVE,84.8,75,68,32.5,19.54,6.78,14.5,0.47,3,3.4,0.88,2.99,7.9,0.38,5.21,3.4,1.29,0.4,1.6,2499,36.75
2595516,Norman Powell,CHI,SG/SF,ACTIVE,79.5,82.8,69,33.8,24.03,8.09,17.1,0.47,4.78,5.8,0.82,3.07,7.9,0.39,3.8,2.59,1.2,0.3,2.1,2482,35.97
5095151,Caleb Wilson,CHI,SF,ACTIVE,74.9,76.6,71,32.1,17.92,6.7,13.7,0.49,3.77,4.9,0.77,0.73,2.3,0.32,8.1,1.9,1.1,1.39,2.1,2478,34.9
5105565,Donovan Clingan,POR,C,ACTIVE,77.7,81.8,73,26.2,11.44,4.38,8.4,0.52,1.68,2.51,0.67,0.99,2.9,0.34,11.1,2,0.6,1.7,1.21,2472,33.86
5041935,Cameron Boozer,MEM,PF,ACTIVE,76.8,77.4,72,31.7,18.51,7.19,14.6,0.49,3.79,4.81,0.79,0.33,0.9,0.37,7.9,3.1,1.1,0.81,2.5,2472,34.33
4433136,Walker Kessler,LAL,C,DAY_TO_DAY,82.2,79,64,31.4,11.5,4.97,7.5,0.66,1.44,2.7,0.53,0.13,0.59,0.21,12.41,1.7,0.7,2.59,1.59,2471,38.61
3032976,Rudy Gobert,MIN,C,ACTIVE,82.9,80,72,32.5,11.93,4.71,7,0.67,2.51,4.19,0.6,,,,11.69,1.6,0.69,1.69,1.4,2470,34.31
4433255,Chet Holmgren,OKC,PF/C,DAY_TO_DAY,92.9,65.1,65,28.9,16.51,6.06,11.31,0.54,2.98,3.8,0.79,1.4,3.8,0.37,8.4,2,0.6,2.11,1.6,2466,37.94
4065733,Ty Jerome,MEM,PG/SG,ACTIVE,62.8,93.8,64,25.8,19.83,6.98,14.3,0.49,3.14,3.59,0.87,2.72,6.41,0.43,3.2,5.59,1.3,0.2,1.91,2454,38.34
3059318,Joel Embiid,PHI,C,DAY_TO_DAY,92.6,65.3,54,31.6,27.41,9.06,18.5,0.49,7.93,9.2,0.86,1.37,4.09,0.33,8.2,4.2,0.7,1.2,3,2449,45.35
4709138,Brandin Podziemski,GS,PG/SG,DAY_TO_DAY,50.9,94.3,79,30.9,14.66,5.18,11.41,0.45,2.29,2.9,0.79,2.01,5.41,0.37,5.59,4,1.2,0.2,1.7,2436,30.84
5160992,Alex Sarr,WSH,PF/C,DAY_TO_DAY,78,92.4,66,28.6,16.5,6.58,14.11,0.47,2.14,3.11,0.69,1.21,3.7,0.33,7.61,2.8,0.8,2,1.8,2416,36.61
4066383,Miles Bridges,PHX,SF/PF,ACTIVE,81.4,92.7,71,33.1,19.14,7.1,15.7,0.45,2.85,3.39,0.84,2.1,6.3,0.33,6.7,3.39,0.7,0.51,1.8,2408,33.92
4711294,Matas Buzelis,CHI,SF/PF,ACTIVE,70.3,90.4,74,30.5,16.68,5.96,12.91,0.46,2.45,3.09,0.79,2.31,6.59,0.35,6,2.09,0.7,1.59,2.09,2408,32.54
4017837,Ivica Zubac,IND,C,ACTIVE,84,94.6,69,30,14.29,6.17,9.9,0.62,1.94,2.8,0.69,,,,10.9,2.1,0.51,1.1,1.51,2374,34.41
5142718,AJ Dybantsa,WSH,SF,ACTIVE,83.7,76.1,72,32.2,20.1,7.32,15.31,0.48,4.78,5.9,0.81,0.68,1.81,0.38,4.9,2.81,1,0.81,1.9,2370,32.92
2490149,CJ McCollum,ATL,PG/SG,DAY_TO_DAY,76.3,98.4,73,30.2,19.11,7.04,15.51,0.45,2.38,3.1,0.77,2.64,7,0.38,3.4,3.9,0.79,0.51,1.79,2368,32.44
4395651,Coby White,CHA,PG/SG,DAY_TO_DAY,80.1,99.5,72,33.5,20,6.78,15.1,0.45,3.67,4.31,0.85,2.78,7.5,0.37,4.1,4.81,0.69,0.19,2.5,2366,32.86
4277961,Jaren Jackson Jr.,UTAH,PF/C,ACTIVE,82.1,87.8,62,31.4,21.89,7.84,16.69,0.47,4.31,5.4,0.8,1.9,5.4,0.35,5.69,2.1,1.19,1.6,2.31,2363,38.11
4279888,Ja Morant,POR,PG,ACTIVE,89.3,84.7,65,28.6,21.02,7.26,16.4,0.44,5.06,6,0.84,1.43,5,0.29,3.8,7.2,1,0.31,3.4,2357,36.26
5124612,VJ Edgecombe,PHI,SG,ACTIVE,80.5,84.4,72,33.3,15.22,5.74,13.1,0.44,1.88,2.31,0.82,1.88,5.31,0.35,5.4,4,1.4,0.5,1.69,2352,32.67
5037871,Dylan Harper,SA,PG/SG,ACTIVE,82.6,80.7,72,29.3,15.21,6.21,12.31,0.51,1.67,2.19,0.76,1.13,3.31,0.34,4.4,5,1,0.5,1.9,2341,32.51
3978,DeMar DeRozan,DEN,SF/PF,ACTIVE,83.3,98.2,77,28.9,17.6,6.25,12.9,0.48,4.39,5.1,0.86,0.71,2.19,0.33,3,3.81,0.81,0.3,1.19,2297,29.83
4869780,Derik Queen,NO,PF/C,ACTIVE,55.3,102.9,76,26.4,12.34,4.59,9.7,0.47,2.87,3.61,0.8,0.29,1.11,0.26,7.39,3.89,1.11,1,2.5,2279,29.99
4711272,Reed Sheppard,HOU,PG/SG,ACTIVE,72.1,105.3,76,26.7,13.47,4.95,11.61,0.43,0.8,1,0.8,2.78,7.11,0.39,3,3.39,1.5,0.7,1.5,2274,29.92
2991230,Fred VanVleet,HOU,PG/SG,DAY_TO_DAY,47.9,108.6,68,32.2,13.97,4.71,11.9,0.4,2.01,2.4,0.84,2.54,7,0.36,3.4,6,1.29,0.5,1.4,2273,33.43
4066354,Payton Pritchard,BOS,PG/SG,ACTIVE,76.3,100.8,72,30.8,16.04,6,12.9,0.47,1.42,1.6,0.89,2.63,6.9,0.38,3.81,4.81,0.69,0.1,1.31,2272,31.56
4395724,Immanuel Quickley,TOR,PG/SG,ACTIVE,70.7,107.4,65,31.4,17.05,5.83,13.31,0.44,2.77,3.31,0.84,2.62,6.91,0.38,4,5.8,1.11,0.11,1.51,2270,34.92
3934719,OG Anunoby,NY,SF/PF,ACTIVE,85.9,85.6,68,33.8,16.91,5.93,12.29,0.48,2.72,3.29,0.82,2.34,6.1,0.38,5.21,2.21,1.5,0.71,1.79,2250,33.09
3062679,Josh Hart,NY,SG/SF,ACTIVE,84.1,99.3,68,31.5,12.21,4.65,9.1,0.51,1.47,2,0.73,1.44,3.6,0.4,7.71,5,1.21,0.29,2,2245,33.01
5142620,Darius Acuff Jr.,SAC,PG,ACTIVE,52.9,108,73,30.6,16.9,6.04,13.6,0.44,3.96,4.7,0.84,0.86,2.3,0.38,3.3,5.9,1.1,0.3,2.9,2219,30.4
5105623,Kel'el Ware,MIL,C,ACTIVE,60.7,107.6,72,24.3,11.86,4.85,9.1,0.53,0.96,1.31,0.73,1.21,3.1,0.39,9.6,0.81,0.81,1.19,0.9,2212,30.72
4431671,Jaden McDaniels,MIN,SF/PF,ACTIVE,77.8,99.7,74,31.7,14.18,5.49,10.8,0.51,1.82,2.2,0.83,1.38,3.5,0.39,4.41,2.5,1.09,1,1.7,2200,29.73
4591725,Ryan Rollins,MIL,PG/SG,ACTIVE,65.2,110.2,69,28,14.91,5.67,12,0.47,1.43,1.8,0.8,2.14,5.3,0.41,4,4.8,1.3,0.41,2.3,2198,31.86
4397002,Ayo Dosunmu,MIN,PG/SG,ACTIVE,45.8,114.9,72,29.4,15.26,5.81,11.31,0.51,1.82,2.1,0.86,1.83,4.31,0.42,3.6,3.9,0.9,0.31,1.5,2186,30.36
3102531,Kristaps Porzingis,GS,PF/C,DAY_TO_DAY,69.4,113.9,59,27.7,18.85,6.32,13,0.49,4.2,5,0.84,2,5.31,0.38,6.51,2.2,0.69,1.59,1.41,2180,36.95
4397140,Kevin Porter Jr.,MIL,PG/SG,ACTIVE,69.5,115,66,26.8,14.08,5.12,11.11,0.46,2.85,3.3,0.86,0.98,3.11,0.32,4.3,5.7,1.7,0.39,2.39,2179,33.02
6478,Nikola Vucevic,ORL,C,ACTIVE,75.8,117.4,72,25.1,13.76,5.71,11.4,0.5,1.14,1.4,0.82,1.21,3.4,0.36,7.69,2.69,0.6,0.6,1.19,2174,30.19
3908845,John Collins,DET,PF/C,ACTIVE,66.7,116,68,30.6,16.37,6.31,11.71,0.54,2.31,2.9,0.8,1.44,3.71,0.39,7.71,1.29,0.79,0.9,1.71,2161,31.78
4684742,Ausar Thompson,DET,SF/PF,ACTIVE,74.9,103.8,70,26.8,10.4,4.36,8.3,0.53,1.57,2.7,0.58,0.11,0.5,0.23,6,3.1,2,1,1.6,2156,30.8
4395625,RJ Barrett,TOR,SG/SF,ACTIVE,72.8,112.6,66,30.8,19.74,7.3,15.11,0.48,3.44,5,0.69,1.7,4.89,0.34,5.61,3.89,0.7,0.3,2.11,2149,32.56
3059319,Andrew Wiggins,MIA,SF/PF,DAY_TO_DAY,72.4,116,67,30.4,15.66,5.79,12.3,0.47,2.03,2.6,0.78,2.04,5,0.41,4.81,2.7,1.1,1,1.51,2146,32.03
6440,Tobias Harris,SA,SF/PF,DAY_TO_DAY,60.2,121.8,71,30.5,14.52,5.49,11.51,0.48,2.25,2.61,0.87,1.28,3.61,0.36,5.7,2.61,1,0.61,1.1,2135,30.07
5041955,Darryn Peterson,UTAH,PG/SG,ACTIVE,66,109,73,29.7,19.44,7.04,15.6,0.45,4.44,5.4,0.82,0.92,2.51,0.37,3.79,2.79,1.3,0.3,2.3,2122,29.07
4251,Paul George,BOS,SF/PF,ACTIVE,77.7,105,55,33.2,19.82,7.02,15.51,0.45,2.85,3.31,0.87,2.93,7.4,0.4,5.4,3.8,1.71,0.51,2.11,2116,38.47
4278067,Nic Claxton,CHI,C,DAY_TO_DAY,59.4,123.9,69,27.8,11.55,4.81,8.41,0.57,1.87,3.1,0.6,0.06,0.3,0.17,7.1,3.41,0.7,1.2,1.41,2090,30.29
3134908,Jakob Poeltl,TOR,C,ACTIVE,59.9,127.1,66,27,12.05,5.32,8.11,0.66,1.41,2.3,0.61,,,0.33,8.39,2.39,0.89,1.11,1.61,2089,31.65
4432848,Jaime Jaquez Jr.,MIL,SG/SF,ACTIVE,39.2,123.2,74,27.3,14.36,5.73,11.41,0.5,2.15,2.8,0.77,0.76,2.41,0.32,4.91,4.3,0.7,0.3,1.91,2088,28.22
4594327,Keegan Murray,SAC,SF/PF,DAY_TO_DAY,53,124.3,71,34.1,13.83,5.32,12,0.44,1.14,1.39,0.82,2.04,6,0.34,6,1.61,0.9,1,0.9,2079,29.28
4278585,Collin Gillespie,PHX,PG,ACTIVE,31.4,127.5,73,26.8,11.92,4.15,9.9,0.42,0.88,1,0.87,2.74,6.79,0.4,3.9,4.4,1.21,0.21,1.4,2079,28.48
4576087,Peyton Watson,CLE,SF/PF,DAY_TO_DAY,36.1,126.2,71,30.7,14.24,5.17,10.61,0.49,2.46,3.39,0.72,1.44,3.61,0.4,5,2.1,0.9,1.3,1.61,2077,29.25
4437244,Jalen Green,PHX,SG/SF,ACTIVE,77.9,114.8,64,32.4,21.41,7.89,18.7,0.42,2.88,3.7,0.78,2.75,8.41,0.33,4.59,3.5,1.09,0.3,2.59,2072,32.38
4600663,Zach Edey,MEM,C,DAY_TO_DAY,56.1,124.3,62,26.4,12.73,5.24,8.6,0.61,2.03,2.69,0.75,0.21,0.69,0.29,10.81,1.19,0.69,1.81,2.1,2056,33.16
4903027,Cedric Coward,MEM,SG/SF,ACTIVE,32.8,127.8,69,28.5,15.36,5.54,11.51,0.48,2.59,3,0.87,1.7,4.9,0.34,6.51,3,0.7,0.51,1.9,2052,29.74
4397014,Quentin Grimes,LAL,SG/SF,ACTIVE,32.6,129.1,73,30.8,14.92,5.14,11.3,0.45,2.58,3.21,0.8,2.07,5.79,0.36,4.21,3.4,1,0.4,1.9,2052,28.11
5144091,Jeremiah Fears,NO,PG/SG,ACTIVE,35.3,128.3,77,26.4,14.64,5.47,12.6,0.43,2.44,3.1,0.79,1.26,3.81,0.33,3.81,3.51,1.19,0.4,2.19,2032,26.39
4432639,Jabari Smith Jr.,HOU,PF/C,ACTIVE,55.1,122.2,73,32.1,14.14,5.07,11.3,0.45,1.97,2.51,0.79,2.03,5.6,0.36,6.79,1.6,0.6,0.79,1.21,2018,27.64
3133628,Myles Turner,MIL,C,ACTIVE,65.8,127.5,71,27.4,12.42,4.2,9.39,0.45,1.94,2.61,0.75,2.08,5.39,0.39,5.51,1.51,0.7,1.7,1.3,2017,28.41
4277811,Collin Sexton,LAL,PG/SG,DAY_TO_DAY,27,132.4,70,25.8,17.33,6.06,12.5,0.48,3.53,4.1,0.86,1.69,4.2,0.4,2.5,4.1,0.9,0.2,2.2,2013,28.76
4395712,Andrew Nembhard,IND,PG/SG,ACTIVE,59,130.6,71,30.7,12.59,4.72,10.2,0.46,1.94,2.39,0.81,1.21,3.61,0.34,3,5.9,1.1,0.1,2,2001,28.18
4601023,Oso Ighodaro,PHX,PF,ACTIVE,16.1,136.7,79,27.6,7.92,3.57,5.51,0.65,0.78,1.7,0.46,,,,6.3,2.7,1.1,0.9,1.51,2001,25.33
4278049,Daniel Gafford,DAL,C,ACTIVE,29.6,136.3,68,22.5,10.69,4.35,6.29,0.69,1.99,2.9,0.68,,,,7.1,1.29,0.71,1.71,1.1,1994,29.32
5174563,Kyshawn George,WSH,SG/SF,ACTIVE,25.9,134.8,66,29.4,13.98,4.97,11.61,0.43,1.98,2.5,0.8,2.06,5.61,0.37,5.11,4.2,1,0.89,2.39,1990,30.15
5175643,Egor Demin,BKN,PG/SG,ACTIVE,34.1,134.9,71,32.3,13.25,4.42,11.1,0.4,1.32,1.61,0.83,3.08,8,0.39,4.1,4.3,1,0.39,2.1,1979,27.87
3995,Jrue Holiday,POR,PG/SG,ACTIVE,30.6,132.1,68,29.1,12.56,4.72,10.29,0.46,1.12,1.29,0.86,2,5.21,0.39,4.5,4.71,0.9,0.4,1.79,1974,29.03
4397424,Neemias Queta,BOS,C,ACTIVE,21.9,136,72,23.6,9.47,3.99,6.1,0.65,1.49,2.1,0.71,0.01,0.1,0.12,7.69,1.5,0.69,1.19,0.9,1958,27.19
3064440,Zach LaVine,SAC,SG/SF,ACTIVE,63.9,126,61,32.8,20.51,7.31,14.9,0.49,3.13,3.7,0.85,2.75,6.7,0.41,3.8,3.39,0.7,0.2,2.3,1953,32.02
4222252,Isaiah Hartenstein,OKC,C,DAY_TO_DAY,42,133.2,64,25,9.47,4.05,6.59,0.61,1.38,2.2,0.63,,0.2,0.01,9.59,3.5,1,0.8,1.7,1953,30.52
4712849,Anthony Black,ORL,PG/SG,DAY_TO_DAY,19.5,137.3,69,28.9,13.83,4.97,11.2,0.44,2.49,3.41,0.73,1.39,4.2,0.33,3.7,3.51,1.41,0.7,2,1943,28.16
4592479,Julian Champagnie,SA,SF/PF,ACTIVE,19,134.1,82,26.7,10.78,3.55,8.2,0.43,1.37,1.6,0.85,2.32,6.1,0.38,5.4,1.5,0.7,0.5,0.8,1914,23.34
3064290,Aaron Gordon,DEN,PF,ACTIVE,47.1,131.9,66,29.3,15.55,5.45,10.5,0.52,3.12,4,0.78,1.52,3.7,0.41,5.5,3.11,0.5,0.3,1.3,1908,28.91
3448,Brook Lopez,LAC,C,ACTIVE,7.5,139.3,72,26.2,10.63,3.94,8.31,0.47,1.13,1.4,0.81,1.61,4.4,0.37,4.31,1.5,0.6,1.69,0.9,1887,26.21
4066262,Malik Monk,SAC,PG/SG,DAY_TO_DAY,29.2,139.6,68,26.2,14.85,5.37,12.21,0.44,2.06,2.4,0.85,2.06,5.79,0.36,2.79,4.5,0.71,0.5,2,1885,27.72
4432194,Day'Ron Sharpe,BKN,C,ACTIVE,8,139.1,69,22,9.71,4.01,7.51,0.54,1.46,2.1,0.7,0.22,0.9,0.25,8.41,2.2,0.9,1,1.59,1865,27.03
4873138,Ace Bailey,UTAH,SF/PF,ACTIVE,32.8,132.6,72,28.2,14.18,5.63,12.69,0.44,0.97,1.31,0.75,1.96,5.69,0.34,4.31,1.9,0.9,0.69,1.5,1862,25.86
3155526,Dillon Brooks,PHX,SG/SF,ACTIVE,27.4,132.5,69,30.7,18.58,6.86,15.8,0.43,2.59,3.1,0.84,2.28,6.41,0.35,3.59,1.7,1,0.2,1.59,1854,26.87
4395630,Devin Vassell,SA,SG/SF,ACTIVE,37.5,134.7,69,27.5,14.3,5.28,11.7,0.45,1.61,2,0.8,2.14,5.7,0.38,3.51,2.7,0.9,0.41,1.1,1851,26.83
4351852,Mitchell Robinson,BOS,C,ACTIVE,14.7,136.8,61,25.4,7.34,3.21,4.51,0.71,0.92,2.2,0.42,,,,11.1,1.1,1.2,1.51,0.9,1848,30.3
4395723,Keldon Johnson,SA,SF/PF,ACTIVE,7.1,139.8,77,25.1,13.65,5.13,10.51,0.49,2.05,2.6,0.79,1.34,3.9,0.34,5.19,1.81,0.6,0.19,1.1,1845,23.96
4431785,Scotty Pippen Jr.,MEM,PG/SG,ACTIVE,10,138.8,63,24.3,11.95,4.43,9.51,0.47,1.86,2.51,0.74,1.24,3.4,0.36,3.21,5.1,1.79,0.4,2.4,1843,29.25
4397136,Saddiq Bey,NO,SF/PF,ACTIVE,15.7,138.4,71,27.1,14.73,5.06,11.3,0.45,2.86,3.39,0.84,1.76,4.9,0.36,4.9,2.1,0.8,0.1,0.8,1837,25.87
2991070,Jerami Grant,MEM,PF,ACTIVE,11.3,139.4,68,29.4,17.62,5.54,12.5,0.44,4.25,5.21,0.82,2.28,5.9,0.39,3.4,2.1,0.71,0.71,1.9,1835,26.99
4683692,Cason Wallace,OKC,PG/SG,DAY_TO_DAY,14.3,137.5,76,26.4,8.42,3.25,7.39,0.44,0.64,0.8,0.81,1.28,3.61,0.35,3.11,2.5,1.89,0.39,0.89,1833,24.12
4592691,Jake LaRavia,LAL,SF/PF,ACTIVE,5.2,140.2,77,29.2,9.65,3.43,7.51,0.46,1.66,2.19,0.76,1.13,3.4,0.33,4.7,2.19,1.4,0.51,1.3,1827,23.73
6589,Draymond Green,GS,PF/C,DAY_TO_DAY,38,135.1,64,27.9,8.69,3.16,7.2,0.44,1.13,1.59,0.7,1.25,3.7,0.34,6.09,5.7,1.09,0.8,2.59,1821,28.45
4684793,Kyle Filipowski,UTAH,PF/C,DAY_TO_DAY,7.1,140.3,73,22,10.66,3.95,8,0.49,1.85,2.51,0.74,0.92,2.79,0.33,6.7,2.4,0.9,0.51,1.51,1820,24.93
4278053,Davion Mitchell,MIA,PG,ACTIVE,9.1,139,71,27.7,8.92,3.55,7.3,0.49,0.59,0.9,0.66,1.23,3.1,0.39,2.51,6,0.9,0.2,1.51,1812,25.52
4432165,Jalen Suggs,ORL,PG/SG,DAY_TO_DAY,27.8,137.2,62,26.3,13.21,4.69,10.69,0.44,1.82,2.19,0.83,2,5.69,0.35,3.4,4,1.5,0.69,2.31,1804,29.1
4431736,Toumani Camara,POR,SF/PF,ACTIVE,24.6,139.2,75,29.4,10.67,3.89,8.71,0.45,1.08,1.51,0.72,1.8,4.91,0.37,5,2,1.11,0.51,1.4,1783,23.77
4683688,Dereck Lively II,DAL,C,DAY_TO_DAY,4.9,140.5,65,23.6,8.85,3.94,5.4,0.73,0.97,1.71,0.57,,,,7.2,1.6,0.6,1.51,1,1782,27.42
3138196,Cameron Johnson,DEN,SF/PF,ACTIVE,7.1,140.2,68,28.8,13.16,4.51,9.6,0.47,1.96,2.29,0.85,2.18,5.29,0.41,3.9,2.5,0.79,0.4,1,1774,26.09
3102530,Jusuf Nurkic,UTAH,C,DAY_TO_DAY,8.7,140.2,64,23.1,9.44,3.66,7.3,0.5,1.67,2.7,0.62,0.45,1.5,0.3,9.09,3.41,1,0.7,2,1766,27.59
4433247,Jonathan Kuminga,MIN,SF/PF,ACTIVE,18.3,135.9,67,27.3,15.12,5.48,11.7,0.47,3.06,4.3,0.71,1.1,3.4,0.33,6.19,2.6,0.81,0.4,2.1,1759,26.25
4395626,Tre Jones,CHI,PG,ACTIVE,5.7,140.7,68,22.3,11.13,4.18,7.6,0.55,2.26,2.71,0.84,0.51,1.6,0.32,2.6,4.5,1,0.1,1.1,1752,25.76
4432810,Isaiah Stewart,MEM,PF/C,DAY_TO_DAY,3.4,140.6,69,24.7,10.33,3.94,7.2,0.55,1.74,2.3,0.76,0.71,2.1,0.34,5.7,1.41,0.3,1.7,1.2,1743,25.26
4278078,P.J. Washington,DAL,SF/PF,ACTIVE,9.2,139.9,64,29,13.19,4.89,10.91,0.45,2.08,3,0.69,1.33,4,0.33,6.59,1.7,0.91,1,1.59,1722,26.91
4431679,Precious Achiuwa,SAC,PF/C,ACTIVE,3.1,140.7,71,24.3,9.94,4.25,8.1,0.53,1.07,1.9,0.56,0.37,1.3,0.28,6.8,1.39,0.9,0.7,0.9,1711,24.1
5101761,Mikel Brown Jr.,BKN,PG,DAY_TO_DAY,6,140.4,71,30.2,15.93,5.69,13.51,0.42,3.85,4.8,0.8,0.7,1.9,0.37,2.51,3.39,1.3,0.2,2.39,1706,24.03
2530530,T.J. McConnell,IND,PG,DAY_TO_DAY,26.1,140.6,70,17.8,9.43,4.29,8,0.54,0.61,0.8,0.78,0.24,0.7,0.34,2.5,4.9,1,0.2,1.4,1705,24.36
5254165,Keaton Wagler,LAC,PG/SG,ACTIVE,8.4,139.9,70,28.1,13.33,5.07,11.1,0.46,2.61,3.1,0.84,0.57,1.5,0.38,3.1,4.3,1,0.2,2.3,1705,24.36
4683634,Bennedict Mathurin,NO,SG/SF,ACTIVE,25.1,139.9,68,29.2,16.53,5.37,12.1,0.44,4.43,5.21,0.85,1.37,4.1,0.33,5.1,2.1,0.71,0.29,2,1704,25.06
3064482,Bobby Portis,MIA,PF/C,ACTIVE,19.8,140.1,65,24.3,13.65,5.49,11.31,0.49,0.8,1.11,0.73,1.86,4.2,0.45,6.71,1.6,0.6,0.2,1,1689,25.98
4433249,Moussa Diabate,CHA,PF/C,ACTIVE,5.5,140.3,70,24.6,7.5,3,4.8,0.63,1.5,2.3,0.65,,,0.32,8.3,1.7,0.7,0.9,1,1680,24
4432241,Jamal Shead,TOR,PG,ACTIVE,1.9,140.7,81,23.3,7.07,2.46,6.6,0.37,1.1,1.4,0.78,1.06,3.3,0.32,1.8,5.51,1,0.2,1.51,1680,20.74
3135045,Grayson Allen,CHA,PG/SG,ACTIVE,6.6,140.6,63,26.1,14.05,4.51,10.9,0.41,2.3,2.7,0.85,2.73,7.51,0.36,2.9,3.21,1.1,0.3,1.4,1676,26.6
2528210,Tim Hardaway Jr.,MIA,SG/SF,ACTIVE,4.2,140.2,80,26.9,13.28,4.3,9.8,0.44,1.96,2.4,0.82,2.71,6.8,0.4,2.6,1.4,0.5,0.1,0.6,1676,20.95
4683678,Scoot Henderson,POR,PG/SG,ACTIVE,12.4,140.3,66,27,14.42,4.89,11.8,0.41,2.79,3.39,0.82,1.85,5.3,0.35,2.89,4.5,1,0.3,2.7,1674,25.36
5175737,Yaxel Lendeborg,GS,SF/PF,DAY_TO_DAY,33.1,132.3,71,24.6,10.61,4.14,8.8,0.47,2.06,2.61,0.79,0.27,0.8,0.34,5.1,2.2,1,0.8,1.51,1668,23.49
4873153,Morez Johnson Jr.,DAL,PF/C,DAY_TO_DAY,4.4,140.6,71,24.7,10.61,4,8.1,0.49,2.34,3.1,0.76,0.27,0.8,0.33,5.61,1.61,0.8,0.9,1.1,1665,23.45
2991350,Alex Caruso,OKC,PG/SG,DAY_TO_DAY,7.1,138.7,69,24.3,8.38,3.06,7.1,0.43,0.96,1.2,0.8,1.3,4.2,0.31,3.59,2.7,1.7,0.51,1.1,1659,24.04
4277847,Wendell Carter Jr.,ORL,C,ACTIVE,4,140.6,72,25.4,9.97,3.6,7.19,0.5,1.97,2.6,0.76,0.81,2.6,0.31,6.69,1.81,0.69,0.5,1.1,1659,23.04
3032979,Dennis Schroder,CHA,PG,ACTIVE,3.9,140.7,72,24.7,11.17,3.88,9.31,0.42,2.08,2.5,0.84,1.33,3.81,0.35,2.5,4.9,0.69,0.19,1.69,1656,23
5061589,Yves Missi,NO,C,ACTIVE,2.8,140.8,67,25.1,7.54,3.16,5.81,0.55,1.21,2.1,0.57,,,,7.51,1.6,0.4,1.81,1,1655,24.7
4593125,Santi Aldama,DAL,SF/PF,DAY_TO_DAY,17.8,140.8,66,23.7,11.02,4.2,9,0.47,1.06,1.61,0.66,1.56,4.39,0.36,5.61,2.39,0.7,0.61,1,1652,25.03
4845374,Bub Carrington,WSH,PG/SG,ACTIVE,2.6,140.7,82,25.1,9.49,3.4,8.1,0.42,0.89,1.2,0.74,1.79,4.5,0.4,3.1,4.1,0.6,0.2,2,1652,20.15
4576060,Ryan Kalkbrenner,CHA,C,ACTIVE,1.7,140.7,69,23.2,8.22,3.46,4.59,0.75,1.29,1.8,0.72,,0.1,,5.9,0.8,0.51,1.59,1,1652,23.94
4683766,Isaiah Collier,UTAH,PG,ACTIVE,6,140.7,67,22.7,9.85,3.67,7.6,0.48,2.09,2.9,0.72,0.42,1.6,0.27,2.4,6.19,1,0.3,2.3,1648,24.6
3157465,Duncan Robinson,DET,SG/SF,ACTIVE,3,140.5,76,26.2,11.7,3.99,8.8,0.45,1,1.3,0.77,2.72,6.7,0.41,2.5,2.11,0.61,0.2,0.8,1642,21.61
4278129,Deandre Ayton,WSH,C,ACTIVE,30.7,140.3,64,23.8,11.47,5.23,8.59,0.61,0.97,1.41,0.69,0.03,0.2,0.17,7.59,1,0.59,0.7,1.2,1620,25.31
2583632,Royce O'Neale,CHA,SF/PF,ACTIVE,1.8,140.7,76,24.5,8.47,2.93,7,0.42,0.29,0.39,0.71,2.32,5.7,0.41,4.2,2.3,0.89,0.39,1.11,1619,21.3
4432582,Max Christie,DAL,SG,ACTIVE,2,140.7,77,28.2,11.53,3.91,8.9,0.44,1.6,1.81,0.89,2.12,5.3,0.4,3.19,1.9,0.6,0.4,1.19,1614,20.96
5105550,GG Jackson,MEM,PF,ACTIVE,1.7,140.6,69,23,13.22,4.88,10.1,0.48,2.14,2.9,0.74,1.3,3.9,0.33,4.51,1.51,0.59,0.8,1.59,1610,23.33
5093267,Collin Murray-Boyles,TOR,PF,ACTIVE,7.3,139.4,66,22.9,8.92,3.65,6.3,0.58,1.32,2,0.66,0.3,0.89,0.34,5.2,1.89,1,1,1.11,1605,24.32
6580,Bradley Beal,LAC,SG/SF,DAY_TO_DAY,2.9,140.6,62,25.3,13.56,5.23,10.4,0.5,1.61,2,0.81,1.5,3.69,0.4,2.9,3.31,0.81,0.4,1.69,1593,25.69
4066211,Robert Williams III,POR,C,ACTIVE,1.5,140.6,59,20,7.53,3.32,4.8,0.69,0.73,1.1,0.66,0.15,0.41,0.39,7.8,1.2,0.69,1.69,1,1588,26.92
4683747,Jaylon Tyson,CLE,SG/SF,ACTIVE,1.9,140.5,62,26.7,12.92,4.89,10,0.49,1.19,1.6,0.74,1.95,4.4,0.44,5.1,2.19,0.81,0.4,1.5,1585,25.56
3134907,Kyle Kuzma,MIL,SF/PF,ACTIVE,4.5,140.4,68,25.7,13.03,4.94,10.29,0.48,1.93,2.71,0.71,1.22,3.6,0.34,4.6,2.6,0.6,0.4,1.79,1583,23.28
5149077,Kingston Flemings,ATL,PG/SG,ACTIVE,3.1,140.4,71,24.8,10.92,4.2,9.7,0.43,2.15,2.7,0.8,0.37,1.1,0.33,2.8,3.7,1.2,0.51,2.1,1580,22.25
5082206,Brayden Burries,MIL,SG,ACTIVE,3,140.4,71,25.8,10.97,3.96,8.8,0.45,2.63,3.2,0.82,0.42,1.2,0.36,2.7,4.1,1.1,0.3,2.1,1578,22.23
4066372,Kevin Huerter,DET,SG/SF,ACTIVE,1.4,140.5,69,23.6,10.32,3.99,8.9,0.45,0.77,1,0.77,1.58,5,0.32,3.51,2.59,0.9,0.51,1.1,1577,22.86
5107173,Danny Wolf,BKN,PF/C,ACTIVE,1.3,140.5,71,24.1,10.28,3.61,8.9,0.41,1.69,2.2,0.77,1.38,4.3,0.32,5.7,2.61,0.61,0.61,1.51,1577,22.21
4396909,Aaron Nesmith,IND,SG/SF,ACTIVE,3.1,140.7,64,28.2,13.06,4.59,9.7,0.47,1.78,2.09,0.85,2.09,5.09,0.41,4.09,1.5,0.8,0.5,1,1575,24.61
4278594,Naji Marshall,DAL,SF/PF,ACTIVE,2.8,140.6,70,24.2,11.44,4.31,8.6,0.5,2.01,2.6,0.78,0.8,2.6,0.31,4.1,2.6,0.9,0.1,1.3,1567,22.39
5104155,Bilal Coulibaly,WSH,SG/SF,ACTIVE,2.6,140.6,68,24,10.25,3.62,8.5,0.42,2.01,2.71,0.74,1,3.21,0.31,3.9,2.29,1.21,0.79,1.4,1563,22.99
4066436,De'Anthony Melton,GS,PG/SG,DAY_TO_DAY,1.4,140.5,65,23.1,12.15,4.34,10.71,0.41,1.98,2.4,0.82,1.49,5,0.3,3.2,2.6,1.6,0.4,1.8,1560,24
3133603,Kelly Oubre Jr.,IND,SG/SF,ACTIVE,8.2,140.2,67,26.3,12.24,4.54,9.9,0.46,1.97,2.6,0.76,1.19,3.7,0.32,4.4,1.3,1.1,0.51,1.1,1556,23.22
4065732,De'Andre Hunter,SAC,SF/PF,ACTIVE,2.8,140.5,65,27.6,15.48,5.22,11.6,0.45,2.98,3.51,0.85,2.06,5.6,0.37,4,1.71,0.71,0.2,1.51,1552,23.88
4065804,Sam Hauser,BOS,SF/PF,ACTIVE,1.9,140.4,77,25.3,9.61,3.36,7.9,0.42,0.26,0.3,0.87,2.62,6.6,0.4,3.9,1.4,0.51,0.3,0.4,1551,20.14
4351851,Anfernee Simons,PHI,PG/SG,DAY_TO_DAY,33.8,140.2,66,25.1,14.73,5.29,12.2,0.43,1.62,1.8,0.9,2.53,6.7,0.38,2.3,3,0.5,0.11,1.39,1544,23.39
4433192,Tari Eason,HOU,SF/PF,ACTIVE,11.6,140.5,66,24.9,10.38,4.02,9.39,0.43,0.92,1.2,0.77,1.42,4,0.36,6.11,1.39,1.2,0.5,1.3,1534,23.24
4896372,Walter Clayton Jr.,MEM,PG/SG,ACTIVE,1.1,140.4,71,25.1,9.62,3.15,8.2,0.38,1.99,2.2,0.9,1.32,4.3,0.31,2.51,5,0.8,0.3,2.1,1530,21.55
4066648,Rui Hachimura,LAC,SF/PF,ACTIVE,10.8,138.8,71,27.7,11.83,4.61,8.9,0.52,1.01,1.39,0.73,1.61,3.7,0.43,3.7,1,0.61,0.3,0.61,1524,21.46
4397020,Luguentz Dort,ATL,SG/SF,DAY_TO_DAY,2.7,140.4,72,28.1,9.58,3.35,8,0.42,0.78,1,0.78,2.11,5.5,0.38,3.81,1.4,1,0.5,0.81,1524,21.17
6430,Jimmy Butler III,GS,SG/SF,OUT,52.9,136.9,39,32.4,19.41,6.13,12.1,0.51,6.33,7.41,0.85,0.82,2.21,0.37,5.41,5.1,1.41,0.31,1.51,1512,38.77
4431767,Christian Braun,DEN,SG/SF,ACTIVE,30.9,140.6,65,27.5,10.94,4.2,7.91,0.53,1.66,2.11,0.79,0.88,2.71,0.33,4.2,2.31,0.71,0.31,0.8,1504,23.14
4065778,Max Strus,LAC,SF,OUT,1,140.5,67,25.9,9.85,3.51,8.3,0.42,0.79,1,0.8,2.04,5.7,0.36,4,3.19,0.7,0.3,1.19,1501,22.4
2991139,Kris Dunn,LAC,PG/SG,ACTIVE,0.9,140.4,75,22,5.99,2.36,5.11,0.46,0.44,0.6,0.74,0.83,2.31,0.36,2.91,3.11,1.4,0.31,1.11,1500,20
4578893,Vit Krejci,POR,PG,ACTIVE,0.5,140.4,65,25.7,8.71,3.08,6.2,0.5,0.65,0.91,0.72,1.91,4.4,0.43,3.31,3.11,0.8,0.51,1.11,1485,22.85
5105839,Brice Sensabaugh,UTAH,SG/SF,DAY_TO_DAY,3.1,140.5,72,21.6,13.38,4.72,10.31,0.46,1.92,2.31,0.83,2.01,5.4,0.37,2.9,1.69,0.69,0.1,1.5,1483,20.6
4397189,Jalen Smith,CHI,PF/C,ACTIVE,1.2,140.3,66,19.5,9.79,3.55,7.3,0.48,1.27,1.7,0.75,1.42,3.89,0.37,6.39,1.2,0.39,0.8,0.89,1476,22.36
4277956,Jordan Poole,NO,PG/SG,ACTIVE,33,139.6,66,22.1,13.23,4.55,11.11,0.41,2.09,2.39,0.87,2.05,6,0.34,2,3.2,0.8,0.3,1.89,1451,21.98
4395702,Isaiah Joe,DET,SG,ACTIVE,1.3,140.4,72,21.1,10.75,3.44,7.6,0.45,1.33,1.5,0.89,2.53,6,0.42,2.5,1.4,0.69,0.19,0.6,1445,20.07
5203685,Khaman Maluach,PHX,C,ACTIVE,4.3,140.1,65,23,7.77,3.14,5.91,0.53,1.2,1.71,0.71,0.29,1.2,0.24,7.51,0.31,0.31,1.91,1.4,1437,22.11
3936099,Derrick Jones Jr.,LAC,SF/PF,ACTIVE,0.8,140.4,68,25.4,9.71,3.66,7.29,0.5,1.32,1.79,0.74,1.06,3,0.35,3.4,1.1,0.9,0.79,0.79,1435,21.1
4702384,Nique Clifford,SAC,SG/SF,ACTIVE,1.2,140.4,72,27.4,9.43,3.64,8.69,0.42,1.01,1.4,0.72,1.14,3.4,0.33,4.1,2.6,1,0.31,1.69,1432,19.89
3913174,Luke Kennard,PHX,SG,ACTIVE,1.2,140.3,74,21.8,8.54,3.08,5.91,0.52,0.82,0.91,0.91,1.55,3.3,0.47,2.41,2.41,0.7,0.09,0.8,1412,19.08
3213,Al Horford,GS,PF/C,DAY_TO_DAY,1.7,140.2,56,25.4,8.7,3.21,7.11,0.45,0.52,0.61,0.87,1.75,4.61,0.38,5.8,2.39,0.61,1,0.8,1405,25.09
5106258,Gradey Dick,LAC,SG/SF,ACTIVE,1.9,139.9,72,25.8,11.24,3.96,9.5,0.42,1.83,2.1,0.87,1.49,4.69,0.32,3.4,1.31,1,0.19,1.1,1402,19.47
4683778,Jared McCain,OKC,PG/SG,ACTIVE,14,137.9,69,24.7,12.06,4.41,10.3,0.43,1.13,1.3,0.87,2.12,5.51,0.39,2.9,2,0.7,0.1,1.2,1393,20.19
4277813,Herbert Jones,NO,SF/PF,ACTIVE,2.3,140.4,63,27.1,8.62,3.16,8,0.39,0.98,1.21,0.82,1.32,4.21,0.32,3.21,2.6,1.51,0.51,1.21,1392,22.1
5238230,Tre Johnson,WSH,SG,ACTIVE,1.8,140.3,68,25.3,12.87,4.78,11.4,0.42,1.31,1.5,0.87,2,5.6,0.36,3,2.1,0.6,0.29,1.6,1389,20.43
5279130,Nolan Traore,BKN,PG,ACTIVE,0.6,140.4,71,25,10.03,3.65,9.61,0.38,1.49,1.9,0.79,1.24,3.9,0.32,2,4.3,0.9,0.51,2.61,1389,19.56
4900671,Ajay Mitchell,OKC,PG/SG,ACTIVE,5.5,139.7,55,23.5,12.16,4.51,9.31,0.48,2.16,2.51,0.87,0.98,2.8,0.35,3,3.31,1.11,0.31,1.31,1385,25.18
4397183,Aaron Wiggins,ATL,SG/SF,DAY_TO_DAY,2,140.4,72,20.3,10.14,3.94,8.1,0.49,0.82,1,0.81,1.43,3.69,0.39,3.31,1.5,0.69,0.19,0.9,1385,19.24
4593841,Baylor Scheierman,BOS,SG,ACTIVE,0.8,140.3,72,25.1,7.51,2.64,5.9,0.45,0.54,0.6,0.89,1.69,4.31,0.4,4.69,2,0.81,0.1,0.81,1384,19.22
4432170,Isaiah Jackson,LAC,PF/C,ACTIVE,1.1,140.4,67,18.4,7.55,3.06,4.81,0.64,1.43,2.19,0.65,,0.1,,5.9,1.1,0.7,1,1.19,1382,20.63
5211175,Zaccharie Risacher,DAL,SF,ACTIVE,2.5,140.5,68,22.8,10.1,3.82,8.4,0.46,0.99,1.5,0.66,1.47,4,0.37,3.79,1.21,0.9,0.5,0.9,1381,20.31
4278355,Obi Toppin,IND,PF,ACTIVE,3.7,140.3,63,20,10.59,4.06,7.51,0.54,1.11,1.4,0.8,1.35,3.6,0.38,4,1.7,0.6,0.4,0.9,1377,21.86
5112087,Jaylen Wells,MEM,SG/SF,ACTIVE,1,140.4,71,25,11.58,4.04,9.39,0.43,1.73,2.2,0.79,1.76,5,0.35,3.1,1.51,0.8,0.1,1,1369,19.28
6475,Klay Thompson,MIA,SG/SF,ACTIVE,16.7,138,70,23,12.4,4.39,11,0.4,0.66,0.8,0.81,2.97,7.7,0.39,2.3,1.5,0.5,0.3,1,1365,19.5
4888725,Ryan Dunn,PHX,SF/PF,ACTIVE,0.6,140.3,71,22.6,7.04,2.83,6.3,0.45,0.39,0.8,0.49,0.99,3,0.33,4.8,1.61,1,0.51,0.9,1365,19.23
4997528,Nikola Jovic,MIA,PF,ACTIVE,1.8,139.8,71,22.9,9.68,3.28,8.51,0.39,1.76,2.51,0.7,1.35,4.61,0.29,4.2,2.8,0.7,0.39,1.7,1358,19.13
5214640,Kasparas Jakucionis,MIL,PG,ACTIVE,0.8,140.3,68,22.6,7.85,2.44,5.71,0.43,1.41,1.6,0.88,1.56,3.71,0.42,3.29,3.29,0.79,0.21,1.21,1351,19.87
4432823,Jaylin Williams,OKC,PF/C,DAY_TO_DAY,2.1,139.9,67,19,6.91,2.21,5.19,0.42,1.03,1.3,0.79,1.46,3.81,0.38,5.4,2.4,0.51,0.6,1,1337,19.96
4277848,Marvin Bagley III,DEN,PF/C,ACTIVE,0.7,140.4,61,19.1,9.95,4.03,6.61,0.61,1.52,2.3,0.67,0.36,0.8,0.44,5.8,1.3,0.39,0.7,1,1329,21.79
4683689,Jordan Walsh,BOS,SF,ACTIVE,0.6,140.3,71,21.5,6.35,2.37,4.7,0.5,0.76,1,0.77,0.86,2.3,0.38,4.8,1,0.9,0.61,0.61,1322,18.62
4702382,Tristan da Silva,ORL,SF/PF,ACTIVE,0.6,140.3,77,21.4,8.34,3.06,6.9,0.45,0.88,1,0.88,1.32,3.6,0.37,3.19,1.4,0.7,0.3,0.81,1322,17.17
4702177,Keon Ellis,BKN,SG/SF,ACTIVE,0.9,140.3,72,21,6.97,2.43,5.4,0.45,0.75,1,0.75,1.36,3.6,0.38,2,1.1,1.19,0.69,0.6,1303,18.1
4997536,Gui Santos,GS,SF,DAY_TO_DAY,1.2,140.4,66,23.9,7.39,2.65,5.7,0.46,1.02,1.39,0.73,1.08,3.2,0.33,5.39,2.39,0.8,0.3,1.3,1300,19.7
4397475,AJ Green,MIL,SG,ACTIVE,0.8,140.2,76,25.4,9.01,2.93,6.89,0.42,0.59,0.7,0.85,2.55,6.11,0.42,2.39,1.7,0.5,0.11,0.8,1295,17.04
4277869,Jose Alvarado,NY,PG,DAY_TO_DAY,1.9,140,66,20.4,7.82,2.85,6.89,0.41,0.61,0.8,0.77,1.52,4.3,0.35,2.5,3.5,1,0.11,1.2,1285,19.47
4278562,Paul Reed,DET,PF/C,ACTIVE,1,140.2,63,13.8,7.43,3.08,5.1,0.6,1.08,1.6,0.67,0.19,0.6,0.32,4.4,1.21,0.9,0.9,0.9,1285,20.4
4610139,Jeremy Sochan,POR,PF,ACTIVE,0.6,140.3,66,21.3,8.55,3.44,7.2,0.48,1.11,1.5,0.73,0.56,1.89,0.3,4.89,2.2,0.7,0.39,1.3,1283,19.44
4431823,Miles McBride,NY,PG/SG,ACTIVE,1.2,140.1,65,22.2,9.71,3.42,8.11,0.42,0.72,0.91,0.8,2.15,5.31,0.41,2.11,2.2,0.8,0.2,0.6,1281,19.71
4433137,Ziaire Williams,LAL,SG/SF,DAY_TO_DAY,0.5,140.3,65,23,10.12,3.28,7.8,0.42,2.03,2.4,0.84,1.54,4.51,0.34,2.8,1.11,1.31,0.4,1.11,1279,19.68
4683771,Ronald Holland II,DET,SF/PF,ACTIVE,0.8,140.2,79,18.5,7.65,2.82,6.41,0.44,1.43,1.8,0.79,0.57,2.3,0.25,3.59,1.2,1,0.3,1.1,1272,16.1
2990992,Marcus Smart,HOU,PG/SG,ACTIVE,1.4,140.2,62,24.4,9.18,3.05,7.6,0.4,1.6,2,0.8,1.48,4.5,0.33,2.4,3,1.31,0.31,1.6,1266,20.42
6578,Harrison Barnes,SA,SF/PF,ACTIVE,1,140.2,80,20.5,8.65,2.98,6.2,0.48,1.3,1.6,0.81,1.4,3.5,0.4,2.4,1.2,0.5,0.1,0.5,1256,15.7
3907823,Terance Mann,BKN,SG/SF,ACTIVE,0.4,140.3,71,23.8,7.32,2.76,5.9,0.47,0.93,1.2,0.78,0.87,2.39,0.36,3.1,2.7,0.7,0.2,1,1254,17.66
6585,Andre Drummond,NY,C,ACTIVE,1.4,140.1,60,19.4,6.65,2.65,5.5,0.48,0.93,1.5,0.63,0.42,1.2,0.35,8.4,1.2,0.7,0.7,1,1242,20.7
5281370,Hannes Steinbach,CHA,PF,ACTIVE,1.4,140.3,71,17.9,7.07,2.79,5.9,0.47,1.3,1.7,0.76,0.2,0.61,0.32,4.1,1.1,0.7,0.9,0.9,1239,17.45
4066757,Sam Merrill,CLE,SG,ACTIVE,0.6,140.2,62,23,10.6,3.56,7.9,0.45,0.87,1,0.86,2.6,6.31,0.41,2.31,2,0.6,0.1,0.69,1239,19.98
4684272,Ja'Kobe Walter,TOR,SG,ACTIVE,0.6,140.2,69,21.6,8.03,2.68,6.1,0.44,1.1,1.41,0.79,1.57,3.9,0.4,2.8,1.3,1,0.2,0.59,1213,17.58
3064560,Luke Kornet,SA,C,ACTIVE,1.3,139.9,71,15.6,4.99,2.06,3.1,0.67,0.87,1.1,0.8,,,0.25,4.39,1.3,0.39,0.8,0.3,1204,16.96
3102529,Clint Capela,HOU,C,ACTIVE,0.6,140.1,62,16.8,6.63,2.84,5.1,0.56,0.95,1.6,0.59,,,0.29,6.69,0.9,0.5,0.9,0.69,1196,19.29
2581018,Kentavious Caldwell-Pope,PHI,SG/SF,ACTIVE,1,140,68,23.6,7.74,2.72,6.21,0.44,1.07,1.21,0.89,1.22,3.4,0.36,2,1.9,1,0.29,0.79,1186,17.44
4431684,Trayce Jackson-Davis,TOR,PF,DAY_TO_DAY,0.3,140.1,65,15.9,6.83,2.89,4.6,0.63,1.05,1.91,0.55,,,0.25,4.91,1.4,0.4,0.8,0.71,1186,18.25
2991043,Caris LeVert,MIL,SG/SF,ACTIVE,0.8,140.2,61,20.7,8.54,3.11,7.3,0.43,1.18,1.7,0.69,1.13,3.3,0.34,2.3,2.9,0.9,0.61,1.39,1185,19.43
5175647,Hugo Gonzalez,BOS,SF,ACTIVE,0.8,140.1,74,21.7,5.77,2.34,4.91,0.48,0.26,0.5,0.5,0.84,2.3,0.36,4.91,0.8,0.8,0.41,0.8,1173,15.85
3907498,Matisse Thybulle,LAL,SF,DAY_TO_DAY,0.5,140.1,59,19.1,5.86,2.03,4.8,0.42,0.54,0.69,0.77,1.25,3.31,0.38,2.2,1.2,1.9,0.59,0.8,1134,19.22
4684275,Rob Dillingham,FA,PG,DAY_TO_DAY,0.7,140,68,20.5,8.6,3.46,8.71,0.4,0.81,1.1,0.74,0.88,2.79,0.32,2.71,3.1,1,0.1,2.1,1123,16.51
4348700,Goga Bitadze,ORL,C,ACTIVE,0.3,140.1,65,13.3,5.03,2.05,3.11,0.66,0.91,1.31,0.69,0.03,0.2,0.16,4.31,1.2,0.51,0.91,0.6,1093,16.82
2993874,Kyle Anderson,TOR,SF/PF,ACTIVE,0.3,140.1,62,17.7,5.45,2.16,4.5,0.48,0.94,1.31,0.71,0.19,0.6,0.31,3.1,2.9,0.81,0.5,0.81,1092,17.61
6609,Khris Middleton,WSH,SF/PF,ACTIVE,0.8,140.1,53,20.3,10.09,3.72,8.09,0.46,1.55,1.79,0.86,1.11,3,0.37,3.4,3.21,0.7,0.21,1.6,1088,20.53
3899664,Simone Fontecchio,MIA,SF,ACTIVE,0.2,140.1,71,17.1,8.2,2.69,6.51,0.41,1.18,1.39,0.84,1.63,4.39,0.37,3,1.39,0.51,0.1,0.7,1086,15.3
4280151,Corey Kispert,ATL,SG/SF,ACTIVE,0.3,140.1,65,20.3,9.86,3.45,7.4,0.47,1.35,1.71,0.8,1.62,4.4,0.37,2.4,1.6,0.31,0.2,0.8,1082,16.65
4595400,Olivier-Maxence Prosper,MEM,PF,ACTIVE,0.2,140.1,64,17.1,8.88,3.2,6,0.53,1.48,2,0.74,0.98,2.5,0.39,3.3,0.91,0.7,0.2,0.8,1081,16.89
4278572,Jamal Cain,ORL,SF,ACTIVE,0.1,140.1,69,19.3,8.29,2.88,6.1,0.47,1.45,1.8,0.81,1.07,2.9,0.37,3.1,1.1,0.59,0.2,0.8,1075,15.58
4712896,Noah Clowney,BKN,PF,ACTIVE,0.4,140.1,69,19.6,8.8,2.72,6.9,0.39,1.93,2.41,0.81,1.42,4.3,0.33,3.1,1.1,0.51,0.51,1.1,1066,15.45
3037789,Bogdan Bogdanovic,HOU,SG/SF,ACTIVE,0.4,140,65,17.6,8.75,3.09,7.31,0.42,0.98,1.11,0.9,1.58,4.31,0.37,2.11,1.91,0.6,0.2,0.91,1066,16.4
4592492,Bones Hyland,MIN,PG,ACTIVE,0.6,140,62,16.2,8.34,2.92,6.5,0.45,0.87,1.1,0.79,1.63,4.19,0.39,1.69,2.6,0.6,0.19,1,1062,17.13
5105637,Adem Bona,PHI,C,DAY_TO_DAY,0.6,139.9,69,17.2,4.93,1.88,3.1,0.61,1.13,1.59,0.7,0.03,0.1,0.32,4.3,0.51,0.41,1.2,0.8,1057,15.32
4397077,Jaxson Hayes,UTAH,C,ACTIVE,0.3,140,64,16.8,6.34,2.58,3.5,0.74,1.16,1.8,0.64,0.03,0.09,0.27,3.91,0.8,0.5,0.7,0.59,1057,16.52
2580365,Larry Nance Jr.,IND,PF,DAY_TO_DAY,0.2,140.1,62,17.8,5.9,2.34,4.5,0.52,0.5,0.69,0.71,0.73,1.81,0.41,4.19,1.5,0.81,0.31,0.69,1046,16.87
2990984,Buddy Hield,CHI,SG/SF,ACTIVE,1.1,140.1,62,18.2,8.73,3.19,7.4,0.43,0.58,0.69,0.82,1.76,4.9,0.36,2.5,1.5,0.81,0.19,1,1045,16.85
5106060,Jarace Walker,IND,SF/PF,ACTIVE,0.6,140.1,63,18.6,7.71,2.75,6.3,0.44,1.02,1.4,0.73,1.21,3.1,0.39,3.6,1.79,0.7,0.3,1.21,1040,16.51
4895758,Cody Williams,MIN,SG,ACTIVE,0.3,140.1,64,22.8,7.92,3.19,7,0.46,1.13,1.59,0.71,0.42,1.91,0.22,2.7,1.91,0.7,0.41,1,1037,16.2
4432822,Isaac Okoro,CHI,SG/SF,ACTIVE,0.2,140.1,68,21.6,7.38,2.68,5.79,0.46,1.09,1.4,0.78,0.94,2.79,0.34,2.29,1.29,0.6,0.4,0.6,1037,15.25
4431687,Patrick Williams,CHI,PF,ACTIVE,0.3,140.1,72,20,6.89,2.46,6.5,0.38,0.72,1,0.72,1.25,3.6,0.35,2.9,1.4,0.69,0.4,1,1035,14.38
4432847,Terrence Shannon Jr.,MIN,SG,ACTIVE,0.6,140,69,20.7,9.23,2.99,6.59,0.45,2.09,2.59,0.8,1.17,2.9,0.41,2,1.51,0.51,0.1,0.9,1030,14.93
4997537,Tristan Vukcevic,WSH,PF,OUT,0.2,140.1,61,13.8,9,3.13,6.51,0.48,1.72,2.2,0.78,1.02,2.9,0.35,3.1,1.1,0.51,0.7,1.3,1028,16.85
4066218,Grant Williams,CHA,PF,DAY_TO_DAY,0.3,140.1,63,19.4,6.89,2.21,5.1,0.43,1.13,1.4,0.81,1.35,3.51,0.39,3.7,1.51,0.51,0.51,0.9,1024,16.25
3136196,Trey Lyles,MIN,PF,ACTIVE,0.2,140,64,19.7,6.89,2.38,5.5,0.43,0.84,1.2,0.7,1.3,3.59,0.36,4.5,1.2,0.5,0.3,0.59,1023,15.98
3155535,Kevon Looney,LAL,C,ACTIVE,0.3,140,65,15.4,4.23,1.77,3.31,0.53,0.68,1.11,0.62,0.02,0.11,0.2,5.8,1.71,0.51,0.4,0.6,1020,15.69
3914044,Landry Shamet,NY,SG,ACTIVE,0.6,139.9,67,20.8,8.39,2.87,6.51,0.44,0.87,1.19,0.72,1.79,4.6,0.39,1.6,1.19,0.6,0.19,0.6,1007,15.03
2528426,Jordan Clarkson,NY,SG/SF,ACTIVE,1,139.9,66,19,9.59,3.58,8.11,0.44,1.32,1.61,0.83,1.12,3.39,0.33,2,1.7,0.5,0.11,1.11,995,15.08
4712863,Mouhamed Gueye,ATL,PF,DAY_TO_DAY,0.2,140.1,70,15.4,4.56,1.76,3.9,0.45,0.53,0.8,0.66,0.51,1.7,0.3,3.6,0.9,0.8,0.5,0.4,995,14.21
4594326,Kris Murray,MEM,PF,ACTIVE,0.1,140.1,68,21.9,5.6,2.19,4.79,0.46,0.65,1,0.65,0.57,2.1,0.27,3.4,1.29,0.79,0.4,0.79,991,14.57
4277843,Gary Trent Jr.,MIL,SG/SF,ACTIVE,0.4,140,67,22.3,8.93,3.1,7.81,0.4,0.7,0.9,0.79,2.01,5.4,0.37,1.3,1.19,0.6,0.1,0.6,968,14.45
3135046,Tyus Jones,DEN,PG,ACTIVE,0.9,140.1,69,17.5,4.7,1.78,4.51,0.4,0.25,0.3,0.84,0.88,2.59,0.34,1.41,3.1,0.59,0.1,0.51,963,13.96
3912848,Dean Wade,PHI,PF,ACTIVE,0.7,139.9,58,21.5,5.55,1.91,4.5,0.42,0.4,0.6,0.68,1.33,3.6,0.37,4.1,1.21,0.71,0.4,0.29,948,16.34
5164559,Nate Ament,MIL,SF,ACTIVE,1.1,140,70,17.7,5.66,2.31,5.4,0.43,0.84,1.2,0.7,0.19,0.6,0.32,3.6,0.7,0.7,0.8,1.1,946,13.51
3934723,Thomas Bryant,CLE,C,ACTIVE,0.2,140,68,12.6,6.19,2.28,4.5,0.51,0.9,1.1,0.81,0.74,2.1,0.35,3.5,0.6,0.29,0.5,0.5,929,13.66
4278077,Jarred Vanderbilt,LAL,SF/PF,ACTIVE,0.3,140,62,17.6,4.55,1.79,3.69,0.48,0.6,1,0.6,0.37,1.31,0.29,4.69,1.19,1,0.31,0.9,924,14.9
3133626,Kenrich Williams,OKC,SF,ACTIVE,0.2,140.1,65,15.4,6.32,2.46,5.2,0.47,0.51,0.8,0.64,0.89,2.31,0.39,3.31,1.4,0.6,0.11,0.71,921,14.17
5239590,Liam McNeeley,CHA,SF,ACTIVE,0.2,140.1,64,19.5,7.09,2.05,5.09,0.4,1.72,2.09,0.82,1.28,3.2,0.4,3.91,1.3,0.3,0.2,0.7,902,14.09
4277922,Jericho Sims,MIL,C,ACTIVE,0.1,140,64,18.5,4.44,1.94,2.5,0.77,0.56,0.91,0.62,,,,5.2,1.41,0.3,0.3,1,887,13.86
4066650,Zach Collins,CHI,C,DAY_TO_DAY,0.1,140,56,14.7,6.98,2.64,5,0.53,1.09,1.39,0.77,0.61,1.7,0.36,4.2,1.5,0.3,0.39,0.89,883,15.77
3150844,Moritz Wagner,BKN,C,ACTIVE,0.3,140,62,13.3,8.03,2.77,5.9,0.47,1.84,2.31,0.8,0.65,2,0.32,3.5,0.9,0.5,0.1,0.69,878,14.16
4432819,Tre Mann,WSH,PG/SG,ACTIVE,0.2,140.1,67,16.3,7.22,2.72,7.3,0.37,0.6,0.7,0.85,1.19,3.6,0.33,2.19,2.1,0.6,0.1,1.3,875,13.06
4873201,Asa Newell,ATL,PF,ACTIVE,0.3,140,66,14.1,6.32,2.53,4.7,0.54,0.44,0.8,0.55,0.82,2.11,0.39,2.7,0.7,0.39,0.39,0.61,869,13.17
4432181,Julian Strawther,DEN,SF,ACTIVE,0.2,140,66,16,7.45,2.7,5.89,0.46,0.97,1.2,0.81,1.09,2.89,0.37,2,1.11,0.5,0.11,0.7,862,13.06
5044385,Leonard Miller,CHI,SF,ACTIVE,0.2,140,62,13.6,6.87,2.76,5,0.55,0.74,1,0.74,0.61,1.9,0.32,3.4,0.81,0.31,0.31,0.69,857,13.82
3136776,D'Angelo Russell,FA,PG/SG,ACTIVE,20.1,140,48,17.2,9.02,3.19,7.79,0.41,1.38,1.79,0.76,1.27,4,0.32,2,3.5,0.5,0.21,1.5,830,17.29
3138160,Caleb Martin,DAL,SG,ACTIVE,0.2,140,67,17,4.73,1.76,4,0.44,0.75,1.19,0.62,0.46,1.3,0.35,2.7,1.51,0.7,0.3,0.81,829,12.37
3195,Mike Conley,BOS,PG,ACTIVE,0.5,140,55,17.6,4.93,1.51,4.11,0.37,0.82,0.91,0.9,1.09,3,0.36,1.71,3,0.71,0.2,0.71,812,14.76
4433076,Ben Sheppard,IND,SG/SF,ACTIVE,0.2,140.1,62,18.7,5.61,2.05,4.9,0.42,0.42,0.5,0.83,1.1,3.19,0.34,2.5,1.4,0.6,0.1,0.4,812,13.1
3907387,Ben Simmons,SAC,PG,DAY_TO_DAY,4.2,139.5,37,21.2,5,2.27,4.3,0.53,0.46,0.7,0.65,,,,5,5.3,0.7,0.51,1.89,802,21.68
2990962,Taurean Prince,DET,SF,ACTIVE,0.2,140,62,16.4,5.81,2.08,4.6,0.45,0.26,0.31,0.85,1.39,3.19,0.43,2.1,1.19,0.5,0.19,0.69,780,12.58
5107897,Jonathan Mogbo,SAC,PF,ACTIVE,0.1,140,66,12.6,3.45,1.41,2.8,0.5,0.55,0.8,0.69,0.09,0.39,0.23,3.2,1.3,0.5,0.39,0.7,745,11.29
4701232,Mark Williams,PHX,C,OUT,25.3,140.1,24,24.9,12.92,5.21,8.29,0.63,2.5,3.21,0.78,,,0.25,8.92,1.5,0.79,1,1.21,744,31
4432107,Marcus Sasser,DAL,PG,ACTIVE,0.1,140,60,13.1,5.73,2.05,5,0.41,0.5,0.6,0.84,1.13,2.8,0.41,1.1,2.2,0.6,0.1,0.9,742,12.37
4868423,Jaden Hardy,LAL,SG,ACTIVE,0.1,140,60,15.3,8.57,3.05,7.2,0.42,0.95,1.3,0.73,1.52,3.9,0.39,1.6,1.2,0.3,0.1,1.1,722,12.03
5157066,Johnny Furphy,IND,SG,OUT,0.2,140,61,16.1,4.54,1.75,3.8,0.46,0.46,0.9,0.52,0.57,1.8,0.32,3.8,1,0.51,0.2,0.7,707,11.59
4431714,Jalen Wilson,ATL,PF,ACTIVE,0.2,140,63,18,6.95,2.27,5.7,0.4,1.33,1.79,0.74,1.08,3.1,0.35,2.4,1.1,0.4,,0.79,693,11
3133635,Jevon Carter,ORL,PG,ACTIVE,0.1,140,51,15.4,6.06,2.22,5.61,0.4,0.24,0.29,0.79,1.39,3.9,0.36,1.61,1.61,0.71,0.2,0.61,685,13.43
2578185,Dorian Finney-Smith,ATL,PF,ACTIVE,0.1,140,64,18.1,4.33,1.56,4.09,0.38,0.23,0.3,0.77,0.97,3,0.33,2.7,1,0.5,0.2,0.59,678,10.59
5099752,Rayan Rupert,PHI,SG,ACTIVE,0.1,140,61,15.7,4.87,1.8,4.61,0.39,0.62,0.8,0.78,0.64,2,0.32,2.7,1,0.8,0.1,0.8,673,11.03
4432811,Josh Green,UTAH,SG,ACTIVE,0.1,140,59,18.3,4.98,1.71,3.8,0.45,0.49,0.59,0.81,1.07,2.59,0.41,2,1,0.69,0.1,0.69,671,11.37
4914336,Shaedon Sharpe,POR,SG/SF,OUT,28.5,140.1,27,25.4,16.81,6.3,14,0.45,2.52,3.19,0.79,1.7,5.19,0.33,3.7,2.3,1,0.11,2.19,670,24.81
2991235,Steven Adams,HOU,C,ACTIVE,0.5,139.9,63,12,3.24,1.25,2.4,0.52,0.73,1.4,0.53,,,,4.7,0.9,0.3,0.4,0.7,667,10.59
5081727,Sidy Cissoko,POR,SG,ACTIVE,0.1,140,62,16.2,4.45,1.55,3.81,0.41,0.73,1.1,0.65,0.63,2.19,0.29,2,1.31,0.6,0.31,0.81,658,10.61
4683750,Jordan Hawkins,MEM,SG,ACTIVE,0.1,140,65,15.4,6.18,2.18,5.91,0.37,0.68,0.8,0.84,1.14,3.31,0.34,1.91,0.91,0.31,0.2,0.71,650,10
4432247,Jaylen Clark,MIN,SG,ACTIVE,0.3,140,68,13.1,4.04,1.44,3.29,0.44,0.66,1,0.67,0.5,1.5,0.34,1.71,0.6,0.71,0.1,0.29,636,9.35
3134916,Jordan McLaughlin,SA,PG,ACTIVE,0.1,140,64,10.1,3.19,1.13,2.5,0.45,0.31,0.41,0.77,0.63,1.41,0.44,1.09,1.59,0.59,0.09,0.41,620,9.69
5105806,Jett Howard,DAL,SF,ACTIVE,0.1,140,66,12.4,5.21,1.85,4.5,0.41,0.55,0.61,0.92,0.97,2.7,0.36,1.5,0.8,0.2,0.2,0.3,620,9.39
4065654,Jonathan Isaac,ORL,PF,DAY_TO_DAY,0.1,140,55,11.3,3.35,1.16,2.71,0.43,0.76,1.2,0.63,0.25,1.11,0.23,3,0.51,0.51,0.71,0.4,598,10.87
4897943,Dalton Knecht,LAL,SG/SF,ACTIVE,0.5,140,66,12,5.18,1.97,4.3,0.46,0.36,0.5,0.74,0.88,2.5,0.35,1.7,0.5,0.2,0.2,0.39,597,9.05
4683774,Bronny James,LAL,PG/SG,ACTIVE,4.7,138,63,11.9,3.89,1.48,3.7,0.4,0.25,0.3,0.84,0.68,1.79,0.38,0.79,1.6,0.6,0.1,0.79,566,8.98
4591259,Koby Brea,PHX,SG,ACTIVE,0.1,140,63,10.2,5.35,1.79,4.3,0.42,0.21,0.21,1,1.56,3.6,0.43,1,1.21,0.1,,0.51,565,8.97
2578239,Pat Connaughton,CHA,SG,ACTIVE,0.1,140,66,9.4,3.24,1.17,2.61,0.45,0.35,0.5,0.69,0.56,1.5,0.38,1.8,0.8,0.3,0.11,0.3,516,7.82
4431752,Kobe Brown,IND,PF,ACTIVE,0.2,139.9,62,10.8,3.42,1.32,2.9,0.46,0.31,0.4,0.78,0.47,1.4,0.33,2.1,0.9,0.31,0.1,0.5,499,8.05
5289900,Mohamed Diawara,NY,PF,ACTIVE,0.3,139.9,69,9.2,3.54,1.3,3.1,0.42,0.23,0.3,0.75,0.7,1.9,0.37,1.41,0.8,0.2,0.1,0.41,488,7.07
3136777,Jae'Sean Tate,HOU,SF,ACTIVE,0.1,140,54,12.1,3.5,1.41,2.91,0.48,0.41,0.59,0.67,0.28,0.91,0.32,2.3,0.8,0.5,0.09,0.41,483,8.94
5239561,Jase Richardson,ORL,SG,ACTIVE,0.2,140,54,10.9,4.48,1.65,3.5,0.47,0.65,0.91,0.72,0.54,1.5,0.35,1.2,1.09,0.41,,0.5,463,8.57
2999547,Gary Harris,FA,SG,ACTIVE,0.1,140,48,14.5,2.88,1.04,2.4,0.43,0.17,0.21,0.81,0.63,1.6,0.4,1.29,1,0.6,0.21,0.4,427,8.9
4398390,Jalen Pickett,LAC,PG/SG,ACTIVE,0.1,140,49,11.3,3.55,1.35,3.2,0.42,0.16,0.2,0.79,0.69,1.8,0.39,1.51,1.59,0.2,0.1,0.51,421,8.59
5217746,Yang Hansen,POR,C,ACTIVE,0.7,139.9,65,12.7,3.98,1.31,4.2,0.31,1.15,1.4,0.82,0.22,1.8,0.12,2.8,0.91,0.11,0.4,1.4,404,6.22
5105553,Julian Phillips,HOU,SF,ACTIVE,0.1,140,52,10.1,3.23,1.15,2.69,0.43,0.46,0.6,0.78,0.46,1.5,0.31,1.31,0.31,0.5,0.19,0.31,377,7.25
5211983,Pacome Dadiet,NY,SF,ACTIVE,0.2,140,58,9,3.09,1.03,3.1,0.33,0.57,0.71,0.81,0.45,2,0.23,1.71,0.71,0.21,0.1,0.21,366,6.31
4432171,Moses Moody,GS,SG/SF,OUT,0.6,140,12,24.7,11.58,3.92,8.92,0.44,1.42,1.83,0.78,2.33,5.83,0.4,3.17,1.5,0.92,0.5,0.92,269,22.42
4397886,Charles Bassey,GS,C,ACTIVE,0.2,140,17,11.3,5.24,2.18,3.41,0.64,0.88,1.29,0.69,,,,4.29,0.53,0.29,0.82,0.53,247,14.53
4433569,Johni Broome,FA,PF,ACTIVE,0.1,140,33,8.3,1.52,0.61,3.61,0.17,0.3,0.91,0.33,,0.79,,2.39,0.61,0.52,0.3,0.52,144,4.36
3934673,Donte DiVincenzo,MIN,PG/SG,OUT,5.6,139.8,4,24.1,10.25,3.5,8.25,0.41,0.75,1,0.75,2.5,6.25,0.38,3.25,3,1,0.25,1.25,92,23
5242496,Noa Essengue,CHI,PF,ACTIVE,0.3,140,64,7.9,,,4,,,,,,2.59,,,,1.3,,,76,1.19
